InvNo,Date,Vendor,Brand,InvoiceAmount,InvoicePaid,PaidDate,DaysToPay,DaysXAmount,PureX
9398a,1/2/2025,"Little Tree- The Flower Bowl","The Flower Bowl",1725.00,1669.50,1/10/2025,8.00,13800.00,
9399a,1/2/2025,"Little Tree- Arbor Kitchen LLC","ARBORS WELLNESS/HERBANA",11000.00,11000.00,1/21/2025,19.00,209000.00,
9400a,1/2/2025,"Little Tree- Bloomery Cannabis New Buffalo","BLOOMERY",2800.00,2800.00,2/27/2025,56.00,156800.00,
9407a,1/3/2025,"Little Tree- Dispo Romeo","Dispo",3550.00,3550.00,2/28/2025,56.00,198800.00,
9408a,1/3/2025,"Little Tree- Dispo Hazel Park","Dispo",3200.00,3200.00,6/2/2025,150.00,480000.00,
9409a,1/3/2025,"Little Tree- Dispo South Hashish Boyz","Dispo",1925.00,1925.00,2/14/2025,42.00,80850.00,
9421a,1/7/2025,"Little Tree- All Star Processing","JARS/ALLSTAR",61159.05,61159.05,2/18/2025,42.00,2568680.10,
9427a,1/7/2025,"Little Tree- The Flower Bowl Inkster","The Flower Bowl",1404.25,854.25,1/27/2025,20.00,28085.00,
9440a,1/8/2025,"Gelato- Nirvana Processing","Nirvana",16950.00,16950.00,4/7/2025,89.00,1508550.00,YES
9461a,1/10/2025,"Little Tree- Apothecare Jackson","APOTHECARE",3993.00,3993.00,2/3/2025,24.00,95832.00,
9479a,1/10/2025,"Little Tree- Apothecare Jackson","APOTHECARE",1467.60,1467.60,5/19/2025,129.00,189320.40,
9489a,1/10/2025,"Little Tree- Weisburger Ventures","Levels",34099.55,34099.55,1/24/2025,14.00,477393.70,
9500a,1/14/2025,"Little Tree- Frootz","GRAMAZON/WILDFIRE",1174.44,1174.44,4/2/2025,78.00,91606.32,
9507a,1/15/2025,"Little Tree- Skymint","SKYMINT",27267.79,27267.79,2/13/2025,29.00,790765.91,
9503a,1/16/2025,"Little Tree- Gramazon","GRAMAZON/WILDFIRE",53062.15,53062.15,4/4/2025,78.00,4138847.70,
9504a,1/16/2025,"Gelato- The Exhibit","Exhibit Cannabis",2000.00,2000.00,2/25/2025,40.00,80000.00,YES
9522a,1/16/2025,"Little Tree- Elevated Exotics Escabana","Elevated Exotics",6150.00,0.00,,513.00,3154950.00,
9524a,1/16/2025,"Little Tree- Pure Cannabis Outlet","Pure",30000.00,30000.00,1/24/2025,8.00,240000.00,
9523a,1/17/2025,"Little Tree- Michigan Green Magic","Vibe",5200.00,5200.00,6/11/2025,145.00,754000.00,
9525a,1/17/2025,"Little Tree- The Outpost Marquette","The Outpost",5375.00,5375.00,1/23/2025,6.00,32250.00,
9566a,1/22/2025,"Little Tree- Timber New Buffalo","Stash Ventures LLC",3000.00,3000.00,2/4/2025,13.00,39000.00,
9567a,1/22/2025,"Little Tree- Pleasantrees Processing","Pleasantrees",3350.00,3350.00,12/15/2025,327.00,1095450.00,
9568a,1/22/2025,"Little Tree- Pleasantrees Lincoln Park","Pleasantrees",1975.00,1950.00,12/15/2025,327.00,645825.00,
9569a,1/23/2025,"Little Tree- Refinery Kalamazoo","The Outpost",875.00,875.00,3/3/2025,39.00,34125.00,
9586a,1/24/2025,"Little Tree- Quest Whitmore Lake","HERBOLOGY",2975.00,2975.00,2/21/2025,28.00,83300.00,
9588a,1/27/2025,"Gelato- Cannavibes Emporium","Cannavibes Emporium",2800.00,2800.00,1/29/2025,2.00,5600.00,YES
9638a,1/30/2025,"Little Tree- The Flower Bowl","The Flower Bowl",1494.00,1494.00,2/20/2025,21.00,31374.00,
9668a,1/31/2025,"Little Tree- Timber Muskegon","Stash Ventures LLC",398.75,398.75,2/13/2025,13.00,5183.75,
9669a,1/31/2025,"Little Tree- Timber Cannabis Co Allegan","Stash Ventures LLC",1119.50,1119.50,2/10/2025,10.00,11195.00,
9670a,1/31/2025,"Little Tree- Timber Sturgis","Stash Ventures LLC",1487.50,1487.50,2/13/2025,13.00,19337.50,
9671a,1/31/2025,"Little Tree- Timber Three Rivers","Stash Ventures LLC",1000.00,1000.00,2/14/2025,14.00,14000.00,
9672a,1/31/2025,"Little Tree- Timber Big Rapids","Stash Ventures LLC",425.00,425.00,2/13/2025,13.00,5525.00,
9673a,1/31/2025,"Little Tree- Timber Mt Pleasant","Stash Ventures LLC",425.00,425.00,2/13/2025,13.00,5525.00,
9674a,1/31/2025,"Little Tree- Cloud Cannabis Gaylord","Stash Ventures LLC",642.00,642.00,2/13/2025,13.00,8346.00,
9675a,1/31/2025,"Little Tree- Cloud Cannabis 28th St","Stash Ventures LLC",727.25,727.25,2/13/2025,13.00,9454.25,
9676a,1/31/2025,"Little Tree- Cloud Cannabis Fulton","Stash Ventures LLC",548.00,548.00,2/13/2025,13.00,7124.00,
9677a,1/31/2025,"Little Tree- Cloud Cannabis Muskegon","Stash Ventures LLC",603.00,603.00,2/13/2025,13.00,7839.00,
9678a,1/31/2025,"Little Tree- Cloud Cannabis New Baltimore","Stash Ventures LLC",1975.00,1975.00,2/13/2025,13.00,25675.00,
9679a,1/31/2025,"Little Tree- Cloud Cannabis Traverse City","Stash Ventures LLC",658.75,658.75,2/13/2025,13.00,8563.75,
9680a,1/31/2025,"Little Tree- Cloud Cannabis Utica","Stash Ventures LLC",5262.50,5262.50,2/13/2025,13.00,68412.50,
9681a,1/31/2025,"Little Tree- Cloud Cannabis Ann Arbor","Stash Ventures LLC",1675.00,1675.00,2/13/2025,13.00,21775.00,
9682a,1/31/2025,"Little Tree- Cloud Cannabis Cedar Springs","Stash Ventures LLC",1412.50,1412.50,2/13/2025,13.00,18362.50,
9683a,1/31/2025,"Little Tree- Cloud Cannabis Detroit","Stash Ventures LLC",3212.50,3212.50,2/13/2025,13.00,41762.50,
9684a,1/31/2025,"Little Tree- Cloud Cannabis Kalamazoo","Stash Ventures LLC",862.50,862.50,2/13/2025,13.00,11212.50,
9691a,1/31/2025,"Little Tree- Pure Cannabis Outlet","Pure",20000.00,20000.00,2/4/2025,4.00,80000.00,
9687a,2/3/2025,"Little Tree- FLWRpot","NORTH COAST",6030.00,6030.00,2/12/2025,9.00,54270.00,
9688a,2/3/2025,"Little Tree- Weisburger Ventures","Levels",17871.71,17871.71,2/21/2025,18.00,321690.78,
9694a,2/3/2025,"Gelato- The Exhibit","Exhibit Cannabis",750.00,750.00,3/17/2025,42.00,31500.00,YES
9695a,2/3/2025,"Little Tree- Bud Brothers Battle Creek","Bud Brothers",9125.00,0.00,,495.00,4516875.00,
9696a,2/3/2025,"Little Tree- Bud Brothers Lafayette","Bud Brothers",9125.00,0.00,,495.00,4516875.00,
9697a,2/3/2025,"Little Tree- Bud Brothers Huron","Bud Brothers",9125.00,0.00,,495.00,4516875.00,
9698a,2/3/2025,"Little Tree- Timber Three Rivers","Stash Ventures LLC",162.50,0.00,,495.00,80437.50,
9709a,2/4/2025,"Little Tree- Plush Companies (PlushCo)","Plushco",3566.25,3566.25,2/7/2025,3.00,10698.75,
9718a,2/5/2025,"Little Tree- Gazz","Gazz",6765.00,6765.00,4/18/2025,72.00,487080.00,
9730a,2/5/2025,"Little Tree- Puff Monroe","Puff",1750.00,1750.00,2/19/2025,14.00,24500.00,
9747a,2/10/2025,"Little Tree- Pure Cannabis Outlet","Pure",30100.00,30100.00,2/14/2025,4.00,120400.00,
9780a,2/12/2025,"Little Tree- Skymint","SKYMINT",23525.66,23525.66,3/13/2025,29.00,682244.14,
9781a,2/13/2025,"Little Tree- Dreams Canna","Dreams Canna Southfield",8019.00,8019.00,2/24/2025,11.00,88209.00,
9782a,2/13/2025,"Gelato- 20 Past 4 Jackson","20 Past 4",1400.00,0.00,,485.00,679000.00,YES
9783a,2/13/2025,"Little Tree- 20 Past 4 Mt Morris","20 Past 4",1400.00,0.00,,485.00,679000.00,
9784a,2/13/2025,"Gelato- 20 Past 4","20 Past 4",1400.00,0.00,,485.00,679000.00,YES
9785a,2/13/2025,"Little Tree- 20 Past 4 Sturgis","20 Past 4",1400.00,1400.00,4/11/2025,57.00,79800.00,
9786a,2/13/2025,"Little Tree- Cannaisseur","Cannaisseur",1350.00,1350.00,3/11/2025,26.00,35100.00,
9795a,2/13/2025,"Little Tree- Weisburger Ventures","Levels",14412.50,14412.50,3/4/2025,19.00,273837.50,
9796a,2/13/2025,"Little Tree- The Wellflower","Dispo",2996.00,2996.00,4/9/2025,55.00,164780.00,
9797a,2/13/2025,"Little Tree- Hashish Boyz","Dispo",2773.00,2773.00,2/28/2025,15.00,41595.00,
9798a,2/13/2025,"Little Tree- Dispo Bay City North","Dispo",2557.00,2557.00,4/17/2025,63.00,161091.00,
9799a,2/13/2025,"Little Tree- Dispo Romeo","Dispo",3090.00,3090.00,6/13/2025,120.00,370800.00,
9800a,2/13/2025,"Little Tree- Hayat CC","Dispo",3013.83,3013.83,8/11/2025,179.00,539475.57,
9808a,2/14/2025,"Little Tree- Mitten Distro X LLC","0",13250.00,13250.00,3/7/2025,21.00,278250.00,
9818a,2/18/2025,"Little Tree- Pac-Man 222 Companies LLC","PAC MAN",6400.00,6400.00,4/18/2025,59.00,377600.00,
9822a,2/19/2025,"Gelato- Elevated Exotics Menominee","Elevated Exotics",3825.00,0.00,,479.00,1832175.00,YES
9848a,2/24/2025,"Little Tree- Pure Cannabis Outlet","Pure",62300.00,62300.00,2/25/2025,1.00,62300.00,
9849a,2/26/2025,"Little Tree- All Star Processing","JARS/ALLSTAR",86248.30,86248.30,4/7/2025,40.00,3449932.00,
9864a,2/26/2025,"Little Tree- Wayne ReLeaf","Wayne ReLeaf",1900.00,1900.00,2/27/2025,1.00,1900.00,
9865a,2/26/2025,"Little Tree- Inspire Canna Burton","Inspire Canna",1900.00,1900.00,2/28/2025,2.00,3800.00,
9866a,2/26/2025,"Gelato- Elevated Exotics Menominee","Elevated Exotics",5100.00,0.00,,472.00,2407200.00,YES
9884a,2/26/2025,"Little Tree- Skymint","SKYMINT",8590.68,8590.68,3/13/2025,15.00,128860.20,
9875a,2/27/2025,"Little Tree- Weisburger Ventures","Levels",19950.00,19950.00,3/4/2025,5.00,99750.00,
9876a,2/27/2025,"Little Tree- Levels Centerline","Levels",2400.00,2400.00,4/8/2025,40.00,96000.00,
9886a,2/27/2025,"Little Tree- All Star Processing","JARS/ALLSTAR",19158.40,19158.40,4/7/2025,39.00,747177.60,
9933a,3/3/2025,"Little Tree- Timber Cannabis Co Allegan","Stash Ventures LLC",450.00,450.00,3/18/2025,15.00,6750.00,
9934a,3/3/2025,"Little Tree- Timber Sturgis","Stash Ventures LLC",975.00,975.00,3/18/2025,15.00,14625.00,
9935a,3/3/2025,"Little Tree- Cloud Cannabis 28th St","Stash Ventures LLC",837.50,837.50,4/25/2025,53.00,44387.50,
9936a,3/3/2025,"Little Tree- Cloud Cannabis Fulton","Stash Ventures LLC",1250.00,1250.00,3/18/2025,15.00,18750.00,
9937a,3/3/2025,"Little Tree- Cloud Cannabis Muskegon","Stash Ventures LLC",700.00,700.00,3/18/2025,15.00,10500.00,
9938a,3/3/2025,"Little Tree- Cloud Cannabis Utica","Stash Ventures LLC",2150.00,2150.00,3/18/2025,15.00,32250.00,
9939a,3/3/2025,"Little Tree- Cloud Cannabis Ann Arbor","Stash Ventures LLC",975.00,975.00,3/18/2025,15.00,14625.00,
9940a,3/3/2025,"Little Tree- Cloud Cannabis Kalamazoo","Stash Ventures LLC",837.50,837.50,3/18/2025,15.00,12562.50,
9944a,3/3/2025,"Little Tree- The Botanical Co","The Botanical Co",1200.00,1200.00,3/28/2025,25.00,30000.00,
9963a,3/5/2025,"Little Tree- Mitten Distro X LLC","0",3000.00,3000.00,4/3/2025,29.00,87000.00,
9964a,3/5/2025,"Little Tree- The Refinery","The Outpost",1025.00,1025.00,3/31/2025,26.00,26650.00,
9978a,3/5/2025,"Little Tree- Dispo Hazel Park","Dispo",3200.00,3200.00,8/11/2025,159.00,508800.00,
9979a,3/5/2025,"Little Tree- Dispo Bay City North","Dispo",2750.00,2694.07,5/30/2025,86.00,236500.00,
9968a,3/6/2025,"Little Tree- Arbor Kitchen LLC","ARBORS WELLNESS/HERBANA",4200.00,4200.00,3/21/2025,15.00,63000.00,
9977a,3/6/2025,"Little Tree- Dispo Romeo","Dispo",4350.00,4350.00,6/13/2025,99.00,430650.00,
10013a,3/12/2025,"Little Tree- Pac-Man 222 Companies LLC","PAC MAN",6400.00,6400.00,5/19/2025,68.00,435200.00,
10017a,3/13/2025,"Gelato- Moses Roses","Moses Roses",2000.00,2000.00,5/9/2025,57.00,114000.00,YES
10018a,3/13/2025,"Little Tree- Puff Monroe","Puff",3525.00,3525.00,5/20/2025,68.00,239700.00,
10019a,3/13/2025,"Little Tree- Moses Roses Port Huron","Moses Roses",1250.00,1250.00,5/2/2025,50.00,62500.00,
10060a,3/13/2025,"Little Tree- North Coast Provisions Arborside Adrian","NORTH COAST",2670.00,2670.00,4/3/2025,21.00,56070.00,
10061a,3/13/2025,"Little Tree- Northcoast Provisions Sault St Marie","NORTH COAST",2670.00,2670.00,4/3/2025,21.00,56070.00,
10062a,3/13/2025,"Little Tree- Arborside","NORTH COAST",2670.00,2670.00,4/3/2025,21.00,56070.00,
10071a,3/13/2025,"Little Tree- The Outpost Crystal Falls","The Outpost",3925.00,3925.00,,457.00,1793725.00,
10072a,3/13/2025,"Little Tree- Pure Cannabis Outlet","Pure",18871.00,18871.00,3/19/2025,6.00,113226.00,
10074a,3/18/2025,"Little Tree- Pure Cannabis Outlet","Pure",12500.00,12500.00,3/19/2025,1.00,12500.00,
10091a,3/18/2025,"Little Tree- The Wellflower Ypsi","Wellflower",3037.50,3037.50,3/24/2025,6.00,18225.00,
10108a,3/20/2025,"Little Tree- Tree House Provision Center","The Tree House Provision Center/THE NEST",2400.00,2400.00,3/25/2025,5.00,12000.00,
10109a,3/20/2025,"Gelato- Weisberger Ventures","Levels",7475.00,7475.00,4/7/2025,18.00,134550.00,YES
10117a,3/20/2025,"Little Tree- All Star Processing","JARS/ALLSTAR",25600.00,25600.00,5/7/2025,48.00,1228800.00,
10118a,3/20/2025,"Little Tree- Skymint","SKYMINT",41057.88,41057.88,4/24/2025,35.00,1437025.80,
10143a,3/20/2025,"Little Tree- Apothecare Jackson","APOTHECARE",4138.00,4138.00,4/4/2025,15.00,62070.00,
10155a,3/24/2025,"Little Tree- All Star Processing","JARS/ALLSTAR",157460.00,157460.00,5/7/2025,44.00,6928240.00,
10119a,3/28/2025,"Little Tree- Burn Cannabis Roseville","BURN",2250.00,2250.00,3/31/2025,3.00,6750.00,
10168a,3/28/2025,"Little Tree- Bloomery Cannabis Mt Clemens","BLOOMERY",3750.00,3750.00,4/3/2025,6.00,22500.00,
10170a,3/28/2025,"Gelato- The Nest","The Nest",1975.00,3175.00,3/31/2025,3.00,5925.00,YES
10171a,3/28/2025,"Little Tree- Green Tree Relief Coldwater","Green Tree Relief",3000.00,3000.00,4/8/2025,11.00,33000.00,
10172a,3/28/2025,"Little Tree- Elevated Bay City, LLC","Altitude",2550.00,2550.00,5/12/2025,45.00,114750.00,
10173a,3/28/2025,"Little Tree- Detroit Herbal Center","High club Detroit",2225.00,2225.00,5/23/2025,56.00,124600.00,
10178a,3/28/2025,"Little Tree- Green Buddha Ferndale","Green Budda Ferndale",1650.00,1500.00,5/19/2025,52.00,85800.00,
10199a,3/28/2025,"Little Tree- Pure Cannabis Outlet","Pure",44978.00,44978.00,4/7/2025,10.00,449780.00,
10203a,4/1/2025,"Little Tree- Cloud Cannabis Gaylord","Stash Ventures LLC",840.42,840.42,4/17/2025,16.00,13446.72,
10204a,4/1/2025,"Little Tree- Cloud Cannabis 28th St","Stash Ventures LLC",588.96,588.96,4/10/2025,9.00,5300.64,
10205a,4/1/2025,"Little Tree- Cloud Cannabis Fulton","Stash Ventures LLC",834.74,834.74,4/10/2025,9.00,7512.66,
10206a,4/1/2025,"Little Tree- Cloud Cannabis Utica","Stash Ventures LLC",3597.56,3597.56,4/10/2025,9.00,32378.04,
10207a,4/1/2025,"Little Tree- Cloud Cannabis Ann Arbor","Stash Ventures LLC",626.16,626.16,4/10/2025,9.00,5635.44,
10208a,4/1/2025,"Little Tree- Cloud Cannabis Cedar Springs","Stash Ventures LLC",881.98,881.98,4/10/2025,9.00,7937.82,
10209a,4/1/2025,"Little Tree- Cloud Cannabis Detroit","Stash Ventures LLC",2089.12,2089.12,4/10/2025,9.00,18802.08,
10216a,4/1/2025,"Little Tree- Green Berry Management","0",24503.77,24503.77,5/21/2025,50.00,1225188.50,
10230a,4/2/2025,"Little Tree- LJA Holdings VIII Levels","Levels",5855.00,5855.00,4/14/2025,12.00,70260.00,
10231a,4/2/2025,"Little Tree- Little Shop West of Weed","Little Shop of Weed",1900.00,1900.00,6/23/2025,82.00,155800.00,
10240a,4/2/2025,"Little Tree- Gramz Three Rivers","Gramz",3300.00,3300.00,5/2/2025,30.00,99000.00,
10241a,4/2/2025,"Little Gramz Cannabis","Gramz",2200.00,2200.00,6/9/2025,68.00,149600.00,
10247a,4/7/2025,"Little Tree- AIM High Meds Coldwater","HERBOLOGY",3562.50,3562.50,5/27/2025,50.00,178125.00,
10248a,4/7/2025,"Little Tree- Herbology Cannabis Co Adrian","HERBOLOGY",3725.00,3725.00,5/16/2025,39.00,145275.00,
10258a,4/7/2025,"Little Tree- Fire Creek Battle Creek","Dispo",11000.00,10156.62,8/8/2025,123.00,1353000.00,
10259a,4/7/2025,"Little Tree- Dispo Romeo","Dispo",5037.50,5037.50,7/7/2025,91.00,458412.50,
10260a,4/7/2025,"Little Tree- The Wellflower Dispo Whitmore","Dispo",1600.00,1395.20,6/11/2025,65.00,104000.00,
10262a,4/7/2025,"Little Tree- First Class Camden","First Class Cannabis Camden",3800.00,3800.00,5/8/2025,31.00,117800.00,
10295a,4/8/2025,"Little Tree- Pure Cannabis Outlet","Pure",66955.00,66955.00,4/29/2025,21.00,1406055.00,
10296a,4/8/2025,"Gelato- Weisberger Ventures","Levels",22020.00,22020.00,4/25/2025,17.00,374340.00,YES
10298a,4/8/2025,"Little Tree- All Star Processing","JARS/ALLSTAR",50736.55,50736.55,6/27/2025,80.00,4058924.00,
10363a,4/15/2025,"Little Tree- Pure Cannabis Outlet","Pure",30071.00,30071.00,4/18/2025,3.00,90213.00,
10369a,4/15/2025,"Little Tree- Dispo Bay City North","Dispo",3220.00,3220.00,6/27/2025,73.00,235060.00,
10370a,4/15/2025,"Little Tree- Hashish Boyz","Dispo",2250.00,1992.16,6/23/2025,69.00,155250.00,
10371a,4/15/2025,"Little Tree- Puff Monroe","Puff",7000.00,7000.00,5/20/2025,35.00,245000.00,
10397a,4/16/2025,"Gelato- Moses Roses","Moses Roses",2700.00,2700.00,6/23/2025,68.00,183600.00,YES
10398a,4/16/2025,"Little Tree- Six 12 Ventures","Six 12 Ventures",1600.00,1600.00,4/21/2025,5.00,8000.00,
10399a,4/16/2025,"Gelato- Refine New Buffalo","The Outpost",3750.00,3750.00,5/19/2025,33.00,123750.00,YES
10401a,4/16/2025,"Little Tree- The Refinery","The Outpost",3750.00,3750.00,8/5/2025,111.00,416250.00,
10402a,4/16/2025,"Gelato- The Exhibit","Exhibit Cannabis",6750.00,6750.00,8/22/2025,128.00,864000.00,YES
10403a,4/16/2025,"Little Tree- Jazz Cananbis Club","Jazz Cannabis Club",3750.00,3750.00,7/16/2025,91.00,341250.00,
10404a,4/16/2025,"Little Tree- Jazz Cannabis Club Inkster","Jazz Cannabis Club",3750.00,3750.00,8/4/2025,110.00,412500.00,
10405a,4/16/2025,"Little Tree- All Star Processing","JARS/ALLSTAR",43024.80,43104.00,7/21/2025,96.00,4130380.80,
10406a,4/16/2025,"Gelato- Cannavibes Emporium","Cannavibes Emporium",3400.00,3400.00,4/21/2025,5.00,17000.00,YES
10479a,4/24/2025,"Little Tree- Apothecare Jackson","APOTHECARE",7333.94,7333.94,6/17/2025,54.00,396032.76,
10487a,4/24/2025,"Little Tree- All Star Processing","JARS/ALLSTAR",21928.75,21928.75,7/21/2025,88.00,1929730.00,
10488a,4/25/2025,"Little Tree- Skymint","SKYMINT",41762.84,41762.84,5/22/2025,27.00,1127596.68,
10491a,4/25/2025,"Little Tree- Timber Muskegon","Stash Ventures LLC",409.50,409.50,5/9/2025,14.00,5733.00,
10492a,4/25/2025,"Little Tree- Timber Sturgis","Stash Ventures LLC",944.87,944.87,5/9/2025,14.00,13228.18,
10493a,4/25/2025,"Little Tree- Cloud Cannabis Kalamazoo","Stash Ventures LLC",626.31,626.31,5/9/2025,14.00,8768.34,
10495a,4/26/2025,"Little Tree- All Star Processing","JARS/ALLSTAR",4613.70,4613.70,7/21/2025,86.00,396778.20,
10496a,4/28/2025,"Little Tree- Arbor Kitchen LLC","ARBORS WELLNESS/HERBANA",3725.00,3725.00,5/15/2025,17.00,63325.00,
10508a,4/28/2025,"Little Tree- Seneca River II Bloom City Paw Paw","Bloom City Club",1500.00,1500.00,6/6/2025,39.00,58500.00,
10509a,4/28/2025,"Little Tree- Bloom City Club Kalamazoo","Bloom City Club",1500.00,1500.00,5/29/2025,31.00,46500.00,
10510a,4/28/2025,"Little Tree- Bloom City Club Ann Arbor","Bloom City Club",1500.00,1500.00,5/29/2025,31.00,46500.00,
10511a,4/28/2025,"Liittle Tree- Bloom City Club Sturgis","Bloom City Club",1500.00,1500.00,10/22/2025,177.00,265500.00,
10517a,4/30/2025,"Little Tree- Herbology Jefferson","HERBOLOGY",2625.00,2625.00,9/2/2025,125.00,328125.00,
10518a,4/30/2025,"Little Tree- AIM High Tekonsha","HERBOLOGY",2625.00,2625.00,8/19/2025,111.00,291375.00,
10520a,5/1/2025,"Little Tree- All Star Processing","JARS/ALLSTAR",20244.15,20244.15,7/21/2025,81.00,1639776.15,
10522a,5/1/2025,"Little Tree- Tree House Provision Center","The Tree House Provision Center/THE NEST",2131.00,2131.00,5/6/2025,5.00,10655.00,
10523a,5/1/2025,"Gelato- Weisberger Ventures","Levels",12870.00,12870.00,5/12/2025,11.00,141570.00,YES
10539a,5/6/2025,"Little Tree- Berry Green Management","MKX",22019.94,22019.94,5/28/2025,22.00,484438.68,
10545a,5/7/2025,"Little Tree- Berry Green Management","MKX",3474.88,3474.88,5/28/2025,21.00,72972.48,
10555a,5/7/2025,"Little Tree- Timber Cannabis Co 3 Rivers","Stash Ventures LLC",420.37,420.37,5/22/2025,15.00,6305.55,
10556a,5/7/2025,"Little Tree- Cloud Cannabis Gaylord","Stash Ventures LLC",493.81,631.31,5/22/2025,15.00,7407.15,
10557a,5/7/2025,"Little Tree- Cloud Cannabis 28th St","Stash Ventures LLC",969.94,969.94,5/22/2025,15.00,14549.10,
10558a,5/7/2025,"Little Tree- Cloud Cannabis Fulton","Stash Ventures LLC",599.19,761.69,5/22/2025,15.00,8987.85,
10559a,5/7/2025,"Little Tree- Cloud Cannabis Utica","Stash Ventures LLC",1346.31,1483.81,5/22/2025,15.00,20194.65,
10560a,5/7/2025,"Little Tree- Cloud Cannabis Ann Arbor","Stash Ventures LLC",1719.56,1719.56,5/22/2025,15.00,25793.40,
10561a,5/7/2025,"Little Tree- Cloud Cannabis Cedar Springs","Stash Ventures LLC",2074.94,2074.94,5/23/2025,16.00,33199.04,
10562a,5/7/2025,"Little Tree- Cloud Cannabis Detroit","Stash Ventures LLC",1466.44,1466.44,5/22/2025,15.00,21996.60,
10563a,5/7/2025,"Little Tree- Cloud Cannabis Kalamazoo","Stash Ventures LLC",475.00,475.00,5/22/2025,15.00,7125.00,
10567a,5/7/2025,"Little Tree- The Wellflower Dispo Whitmore","Dispo",1750.00,1750.00,7/7/2025,61.00,106750.00,
10576a,5/12/2025,"Little Tree- Detroit Herbal Center","High club Detroit",3276.45,3276.45,7/14/2025,63.00,206416.35,
10609a,5/14/2025,"Little Tree- Timber Cannabis Co Allegan","Stash Ventures LLC",1023.50,1023.50,5/27/2025,13.00,13305.50,
10610a,5/14/2025,"Little Tree- Timber Big Rapids","Stash Ventures LLC",562.50,559.50,5/27/2025,13.00,7312.50,
10612a,5/14/2025,"Little Tree- Cloud Cannabis Muskegon","Stash Ventures LLC",822.00,822.00,5/27/2025,13.00,10686.00,
10613a,5/14/2025,"Little Tree- Cloud Cannabis New Baltimore","Stash Ventures LLC",617.15,769.90,5/27/2025,13.00,8022.95,
10619a,5/14/2025,"Little Tree- Nirvana Centerline","Nirvana",16998.30,16988.30,5/19/2025,5.00,84991.50,
10640a,5/15/2025,"Little Tree- Arbor Kitchen LLC","ARBORS WELLNESS/HERBANA",2275.00,2275.00,6/2/2025,18.00,40950.00,
10641a,5/15/2025,"Gelato- Weisberger Ventures","Levels",8069.72,8069.72,6/2/2025,18.00,145254.96,YES
10653a,5/19/2025,"Little Tree- Skymint","SKYMINT",18393.87,18393.87,6/20/2025,32.00,588603.84,
10672a,5/20/2025,"Little Tree- Cloud Cannabis Fulton","Stash Ventures LLC",137.50,0.00,,389.00,53487.50,
10691a,5/20/2025,"Little Tree- Green Tree Relief Coldwater","Green Tree Relief",3050.00,3050.00,6/2/2025,13.00,39650.00,
10707a,5/22/2025,"Little Tree- Hayat CC","Dispo",1440.00,1440.00,12/30/2025,222.00,319680.00,
10727a,5/28/2025,"Little Tree- The Wellflower Ypsi","Wellflower",3400.00,3400.00,6/2/2025,5.00,17000.00,
10728a,5/28/2025,"Little Tree- Berry Green Management","MKX",32807.30,32807.30,6/20/2025,23.00,754567.90,
10739a,5/30/2025,"Gelato- Planet Jane","Planet Jane",2975.00,2975.00,6/10/2025,11.00,32725.00,YES
10740a,5/30/2025,"Little Tree- Apothecare Jackson","APOTHECARE",6057.15,6057.15,8/11/2025,73.00,442171.95,
10787a,6/4/2025,"Gelato- The Exhibit","Exhibit Cannabis",2637.50,2637.50,8/22/2025,79.00,208362.50,YES
10798a,6/6/2025,"Gelato- Puff River Rouge","Puff",2500.00,2500.00,8/12/2025,67.00,167500.00,YES
10799a,6/6/2025,"Gelato- Puff Sturgis","Puff",2500.00,2500.00,6/13/2025,7.00,17500.00,YES
10800a,6/6/2025,"Gelato- Puff Madison Heights","Puff",2500.00,2500.00,6/13/2025,7.00,17500.00,YES
10801a,6/6/2025,"Gelato- Puff Hamtramck","Puff",2500.00,2500.00,6/13/2025,7.00,17500.00,YES
10802a,6/6/2025,"Gelato- Puff Kalamazoo","Puff",2500.00,2500.00,6/13/2025,7.00,17500.00,YES
10803a,6/6/2025,"Little Tree- Puff Bay City","Puff",2500.00,2500.00,6/13/2025,7.00,17500.00,
10804a,6/6/2025,"Little Tree- Puff Monroe","Puff",2600.00,2600.00,6/13/2025,7.00,18200.00,
10805a,6/6/2025,"Little Tree- Six 12 Ventures","Six 12 Ventures",1650.00,1650.00,6/13/2025,7.00,11550.00,
10807a,6/6/2025,"Little Tree- All Star Processing","JARS/ALLSTAR",24425.70,24425.70,7/21/2025,45.00,1099156.50,
10815a,6/6/2025,"Gelato- The Dudes Abides Coldwater","Dude. It has one more location",6250.00,6250.00,6/13/2025,7.00,43750.00,YES
10816a,6/6/2025,"Gelato- URB New Buffalo","URB",12000.00,12000.00,7/29/2025,53.00,636000.00,YES
10817a,6/6/2025,"Gelato- Monroe Processing","URB",12000.00,12000.00,7/29/2025,53.00,636000.00,YES
10823a,6/6/2025,"Little Tree- Arborside","NORTH COAST",3370.00,3370.00,6/16/2025,10.00,33700.00,
10824a,6/6/2025,"Little Tree- Sault Ste Marie","Sault Ste",4033.60,4033.60,6/16/2025,10.00,40336.00,
10825a,6/6/2025,"Little Tree- Flower Pot Adrian","Flower Pot",3370.00,3370.00,6/16/2025,10.00,33700.00,
10826a,6/6/2025,"Little Tree- Burn Cannabis Roseville","BURN",2500.00,2500.00,6/11/2025,5.00,12500.00,
10827a,6/6/2025,"Little Tree- Burton Cannabis Company","Burton Cannabis Company",737.50,737.50,6/13/2025,7.00,5162.50,
10838a,6/10/2025,"Little Tree- Bloomfield Development Group Grow LLC Golden Shores","Farmhouse provisions",1550.00,1550.00,6/16/2025,6.00,9300.00,
10839a,6/10/2025,"Little Tree- Northern Specialty Health","Northern Specialty Health",1200.00,1200.00,6/16/2025,6.00,7200.00,
10840a,6/10/2025,"Little Tree- Arbor Kitchen LLC","ARBORS WELLNESS/HERBANA",3225.00,3225.00,6/25/2025,15.00,48375.00,
10852a,6/10/2025,"Little Tree- Wayne ReLeaf","Wayne ReLeaf",1450.00,1450.00,6/13/2025,3.00,4350.00,
10853a,6/10/2025,"Little Tree- High Club","High Club",2500.00,2500.00,7/25/2025,45.00,112500.00,
10854a,6/10/2025,"Little Tree- Premiere Provisions Big Rapids","Premier Provsioning",2550.00,2550.00,6/13/2025,3.00,7650.00,
10855a,6/10/2025,"Little Tree- LJA Holdings VIII Levels","Levels",9142.50,8042.50,6/20/2025,10.00,91425.00,
10856a,6/10/2025,"Little Tree- Rush Cannabis Saline","Rush",2337.50,2337.50,7/3/2025,23.00,53762.50,
10859a,6/10/2025,"Little Tree- The Outpost Marquette","The Outpost",3000.00,3000.00,6/23/2025,13.00,39000.00,
10860a,6/10/2025,"Little Tree- MBD Ventures","MBD",3975.00,3975.00,7/11/2025,31.00,123225.00,
10861a,6/10/2025,"Little Tree- Vibe Consulting","Vibe",2975.10,2975.00,7/11/2025,31.00,92228.10,
10862a,6/10/2025,"Gelato- Vibe New Buffalo","Vibe",3975.10,3075.00,9/3/2025,85.00,337883.50,YES
10878a,6/16/2025,"Little Tree- Inspire Canna Burton","Inspire Canna",1725.00,1725.00,7/9/2025,23.00,39675.00,
10885a,6/17/2025,"Little Tree- All Star Processing","JARS/ALLSTAR",14119.80,14119.80,8/19/2025,63.00,889547.40,
10887a,6/17/2025,"Little Tree- Rush Oxford","Rush",2337.50,2337.50,7/9/2025,22.00,51425.00,
10888a,6/17/2025,"Gelato- Rush Cannaco Hazel Park","Rush",2337.50,2337.50,8/7/2025,51.00,119212.50,YES
10897a,6/17/2025,"Little Tree- The Wellflower Dispo Whitmore","Dispo",2675.00,2675.00,7/28/2025,41.00,109675.00,
10898a,6/17/2025,"Little Tree- Hashish Boyz","Dispo",2675.00,2675.00,9/29/2025,104.00,278200.00,
10899a,6/17/2025,"Little Tree- Dispo Bay City North","Dispo",2675.00,2675.00,11/24/2025,160.00,428000.00,
10902a,6/17/2025,"Little Tree- Tree House Provision Center","The Tree House Provision Center/THE NEST",2590.50,2590.50,6/23/2025,6.00,15543.00,
10921a,6/18/2025,"Little Tree- Pure Cannabis Outlet","Pure",43335.00,45000.00,6/24/2025,6.00,260010.00,
10922a,6/18/2025,"Little Tree- Arbor Kitchen LLC","ARBORS WELLNESS/HERBANA",5225.00,5225.00,7/11/2025,23.00,120175.00,
10925a,6/18/2025,"Little Tree- Skymint","SKYMINT",42316.60,42316.60,7/24/2025,36.00,1523397.60,
10930a,6/18/2025,"Little Tree- Timber Sturgis","Stash Ventures LLC",650.00,650.00,7/3/2025,15.00,9750.00,
10931a,6/18/2025,"Little Tree- Cloud Cannabis Gaylord","Stash Ventures LLC",1025.00,1025.00,7/3/2025,15.00,15375.00,
10932a,6/18/2025,"Little Tree- Cloud Cannabis 28th St","Stash Ventures LLC",725.00,725.00,7/3/2025,15.00,10875.00,
10933a,6/18/2025,"Litttle Tree- Cloud Cannabis Company Fulton","Stash Ventures LLC",800.00,800.00,7/3/2025,15.00,12000.00,
10934a,6/18/2025,"Little Tree- Cloud Cannabis Muskegon","Stash Ventures LLC",775.00,775.00,7/3/2025,15.00,11625.00,
10935a,6/18/2025,"Little Tree- Cloud Cannabis New Baltimore","Stash Ventures LLC",775.00,775.00,7/3/2025,15.00,11625.00,
10936a,6/23/2025,"Little Tree- Cloud TC","TC",962.75,962.75,7/3/2025,10.00,9627.50,
10937a,6/23/2025,"Little Tree- Cloud Cannabis Utica","Stash Ventures LLC",2175.00,2175.00,7/3/2025,10.00,21750.00,
10938a,6/23/2025,"Little Tree- Cloud Cannabis Ann Arbor","Stash Ventures LLC",962.50,962.50,7/3/2025,10.00,9625.00,
10939a,6/23/2025,"Litte Tree- Cloud Cedar Springs","Stash Ventures LLC",1012.50,1012.50,7/3/2025,10.00,10125.00,
10940a,6/23/2025,"Little Tree- Cloud Cannabis Detroit","Stash Ventures LLC",2050.00,2050.00,7/3/2025,10.00,20500.00,
10941a,6/23/2025,"Little Tree- Cloud Cannabis Kalamazoo","Stash Ventures LLC",1300.00,1300.00,7/3/2025,10.00,13000.00,
10942a,6/23/2025,"Little Tree- Timber NB","Stash Ventures LLC",719.25,719.25,7/3/2025,10.00,7192.50,
10949a,6/25/2025,"Little Tree- True Health MI","0",20500.00,20500.00,7/22/2025,27.00,553500.00,
10979a,6/30/2025,"Little Tree- LJA Holdings VIII Levels","Levels",11072.27,11072.27,7/11/2025,11.00,121794.97,
11024a,7/3/2025,"Little Tree- Dacut Detroit","Dacut",2520.00,2520.00,9/3/2025,62.00,156240.00,
11025a,7/3/2025,"Gelato- Dacut Flint","Dacut",2520.00,2520.00,9/3/2025,62.00,156240.00,YES
11026a,7/3/2025,"Gelato- Dacut Monroe","Dacut",9000.00,9000.00,9/3/2025,62.00,558000.00,YES
11028a,7/3/2025,"Little Tree- All Star Processing","JARS/ALLSTAR",55894.60,55894.60,8/19/2025,47.00,2627046.20,
11030a,7/3/2025,"Litttle Tree- Wildfire Investments","0",49680.10,49680.10,9/16/2025,75.00,3726007.50,
11035a,7/3/2025,"Little Tree- Gramz","Gramz",2568.50,2568.50,8/26/2025,54.00,138699.00,
11036a,7/3/2025,"Little Tree- The Wellflower Dispo Whitmore","Dispo",2560.00,2560.00,8/8/2025,36.00,92160.00,
11048a,7/9/2025,"Little Tree- Burn","BURN",2612.50,2612.50,7/11/2025,2.00,5225.00,
11049a,7/9/2025,"Gelato- High Society Processing","High Society",4000.00,4000.00,8/22/2025,44.00,176000.00,YES
11057a,7/10/2025,"Little Tree- Premiere Provisions Big Rapids","Premier Provsioning",2000.00,2000.00,7/14/2025,4.00,8000.00,
11058a,7/10/2025,"Little Tree- Mitten Distro X LLC","0",13750.00,13750.00,7/14/2025,4.00,55000.00,
11059a,7/10/2025,"Little Tree- Michigan Organiz Solutions MED","Michigan OrganiC Solutions",700.00,700.00,7/14/2025,4.00,2800.00,
11074a,7/14/2025,"Little Tree- LJA Holdings VIII Levels","Levels",16412.50,16412.50,7/21/2025,7.00,114887.50,
11075a,7/14/2025,"Little Tree- First Class Lansing","First Class",2150.00,2150.00,7/29/2025,15.00,32250.00,
11076a,7/14/2025,"Little Tree- Wayland Gas Station","Wayland",1450.00,1450.00,7/16/2025,2.00,2900.00,
11077a,7/14/2025,"Little Tree- Apothecare","APOTHECARE",3749.55,3749.55,7/28/2025,14.00,52493.70,
11078a,7/14/2025,"Little Tree- Pure Cannabis Outlet","Pure",44910.00,44910.00,7/18/2025,4.00,179640.00,
11081a,7/16/2025,"Little Tree- All Star Processing","JARS/ALLSTAR",50347.00,50347.00,7/21/2025,5.00,251735.00,
11084a,7/16/2025,"Gelato- KD Processing","KD Processing",2500.00,2500.00,8/22/2025,37.00,92500.00,YES
11085a,7/16/2025,"Little Tree- Happy Daze","Happy Daze",2800.00,2800.00,9/15/2025,61.00,170800.00,
11090a,7/16/2025,"Little Tree- Kola Farms","Kola Farms",2153.40,0.00,,332.00,714928.80,
11091a,7/16/2025,"Little Tree- Pac-Man 222 Companies LLC","PACC MAN",9600.00,9600.00,10/10/2025,86.00,825600.00,
11105a,7/16/2025,"Little Tree- Burn Warren","BURN",3450.00,3450.00,10/27/2025,103.00,355350.00,
11106a,7/16/2025,"Little Tree- Cannaisseur","Cannaisseur",1425.00,1425.00,7/29/2025,13.00,18525.00,
11107a,7/16/2025,"Little Tree- Arbor Kitchen LLC","ARBORS WELLNESS/HERBANA",3250.00,3250.00,8/4/2025,19.00,61750.00,
11147a,7/23/2025,"Little Tree- Puff Monroe","puff",3425.00,3425.00,7/28/2025,5.00,17125.00,
11148a,7/23/2025,"Little Tree- House of Zen","House of Zen",825.00,825.00,9/5/2025,44.00,36300.00,
11149a,7/23/2025,"Little Tree- The Wellflower Dispo Whitmore","Dispo",3200.00,3200.00,11/24/2025,124.00,396800.00,
11163a,7/23/2025,"Little Tree- All Star Processing","JARS/ALLSTAR",67887.00,67887.00,9/2/2025,41.00,2783367.00,
11164a,7/23/2025,"Little Tree- Dispo Bay City North","Dispo",2912.50,2912.50,11/24/2025,124.00,361150.00,
11165a,7/23/2025,"Little Tree- Dispo Romeo","Dispo",3040.00,3040.00,11/24/2025,124.00,376960.00,
11166a,7/23/2025,"Little Tree- Hayat CC","Dispo",2720.00,2720.00,12/30/2025,160.00,435200.00,
11167a,7/23/2025,"Little Tree- SMOK Cannabis Dort HWY Flint","Smok",2600.00,2600.00,9/23/2025,62.00,161200.00,
11192a,7/25/2025,"Little Tree- Puff Bay City","puff",950.00,950.00,7/31/2025,6.00,5700.00,
11193a,7/25/2025,"Little Tree- MSC3","MSC3",1225.00,1225.00,9/5/2025,42.00,51450.00,
11194a,7/25/2025,"Little Tree- Six 12 Ventures","Six 12 Ventures",2000.00,2000.00,8/4/2025,10.00,20000.00,
11198a,7/25/2025,"Little Tree- Rush Cannabis","Rush",2875.00,2725.00,8/7/2025,13.00,37375.00,
11206a,7/28/2025,"Little Tree- LJA Holdings VIII Levels","Levels",10000.00,10000.00,8/13/2025,16.00,160000.00,
11215a,7/28/2025,"Little Tree- Green Tree Relief Coldwater","Green Tree Relief",3200.00,3200.00,9/3/2025,37.00,118400.00,
11222a,7/28/2025,"Little Tree- Arbor Kitchen LLC","ARBORS WELLNESS/HERBANA",5000.00,5000.00,9/2/2025,36.00,180000.00,
11249a,7/31/2025,"Little Tree- High Society New Buffalo","High Society",2800.00,2800.00,8/22/2025,22.00,61600.00,
11253a,7/31/2025,"Little Tree- Gramz","Gramz",2750.00,2750.00,9/26/2025,57.00,156750.00,
11254a,7/31/2025,"Little Tree- MBD Ventures","MBD",3025.00,3025.00,9/9/2025,40.00,121000.00,
11255a,7/31/2025,"Little Tree- Jazz Cannabis Club Inkster","Jazz Cannabis Club",3075.00,3075.00,9/29/2025,60.00,184500.00,
11256a,7/31/2025,"Gelato- Moses Roses","Moses Roses",2900.00,2900.00,9/22/2025,53.00,153700.00,YES
11268a,8/5/2025,"Little Tree- Plushco","Plushco",3437.50,3437.50,9/2/2025,28.00,96250.00,
11269a,8/5/2025,"Little Tree- LJA Holdings VIII Levels","Levels",10662.50,10662.50,8/19/2025,14.00,149275.00,
11270a,8/5/2025,"Little Tree- Berry Green Management","MKX",0.01,0.00,,312.00,3.12,
11281a,8/5/2025,"Little Tree- Berry Green Management","MKX",32382.40,32382.40,8/13/2025,8.00,259059.20,
11283a,8/6/2025,"Little Tree- All Star Processing","JARS/ALLSTAR",55310.86,55310.86,10/6/2025,61.00,3373962.46,
11302a,8/7/2025,"Little Tree- South Flint Plaza Dispo","Joe pekin",1525.00,1525.00,8/22/2025,15.00,22875.00,
11303a,8/7/2025,"Little Tree- Timber Cannabis Co","Stash Ventures LLC",975.00,975.00,8/15/2025,8.00,7800.00,
11304a,8/7/2025,"Little Tree- Timber Cannabis Co Allegan","Stash Ventures LLC",1250.00,1250.00,8/15/2025,8.00,10000.00,
11305a,8/7/2025,"Little Tree- Timber Sturgis","Stash Ventures LLC",1250.00,1250.00,8/15/2025,8.00,10000.00,
11306a,8/7/2025,"Little Tree- Timber Cannabis Co 3 Rivers","Stash Ventures LLC",675.00,675.00,8/15/2025,8.00,5400.00,
11307a,8/7/2025,"Little Tree- Timber Cannabis Co. Gaylord","Stash Ventures LLC",1100.00,1100.00,8/15/2025,8.00,8800.00,
11308a,8/7/2025,"Little Tree- Cloud Cannabis 28th St","Stash Ventures LLC",950.00,950.00,8/15/2025,8.00,7600.00,
11309a,8/7/2025,"Little Tree- Cloud Cannabis Fulton","Stash Ventures LLC",825.00,825.00,8/15/2025,8.00,6600.00,
11310a,8/7/2025,"Little Tree- Cloud Cannabis Muskegon","Stash Ventures LLC",1075.00,1075.00,8/15/2025,8.00,8600.00,
11311a,8/7/2025,"Little Tree- Cloud Cannabis New Baltimore","Stash Ventures LLC",1025.00,1025.00,8/15/2025,8.00,8200.00,
11312a,8/7/2025,"Little Tree- Coud Cannabis Company Utica","Stash Ventures LLC",1425.00,1425.00,8/15/2025,8.00,11400.00,
11313a,8/7/2025,"Little Tree- Cloud Cannabis Cedar Springs","Stash Ventures LLC",800.00,800.00,8/15/2025,8.00,6400.00,
11314a,8/7/2025,"Little Tree- Cloud Cannabis Detroit","Stash Ventures LLC",1050.00,1050.00,8/15/2025,8.00,8400.00,
11315a,8/7/2025,"Little Tree- Cloud Cannabis Kalamazoo","Stash Ventures LLC",925.00,925.00,8/15/2025,8.00,7400.00,
11316a,8/7/2025,"Little Tree- Timber NB","Stash Ventures LLC",1375.00,1375.00,8/15/2025,8.00,11000.00,
11318a,8/7/2025,"Little Tree- Apothecare","APOTHECARE",7686.52,7686.52,8/26/2025,19.00,146043.88,
11322a,8/7/2025,"Gelato- The Nest","The Nest",1498.00,1498.00,8/22/2025,15.00,22470.00,YES
11323a,8/7/2025,"Little Tree- Premiere Provisions Big Rapids","Premier Provsioning",2550.00,2550.00,8/22/2025,15.00,38250.00,
11332a,8/12/2025,"Little Tree- Pure Cannabis Outlet","Pure",28000.00,28000.00,8/22/2025,10.00,280000.00,
11337a,8/13/2025,"Little Tree- LaHaze Cheboygen","0",1650.00,1650.00,10/16/2025,64.00,105600.00,
11338a,8/13/2025,"Little Tree- Quest Whitmore Lake","HERBOLOGY",3050.00,3050.00,9/19/2025,37.00,112850.00,
11344a,8/14/2025,"Little Tree- All Star Processing","JARS/ALLSTAR",47100.00,47100.00,10/6/2025,53.00,2496300.00,
11350a,8/15/2025,"Little Tree- Hashish Boyz","Dispo",3212.50,3075.00,11/24/2025,101.00,324462.50,
11351a,8/15/2025,"Little Tree- The Wellflower Dispo Whitmore","Dispo",2400.00,2400.00,11/24/2025,101.00,242400.00,
11352a,8/15/2025,"Little Tree- Apothecare","APOTHECARE",2213.25,2213.25,11/6/2025,83.00,183699.75,
11354a,8/19/2025,"Little Tree- Dispo Bay City North","Dispo",2535.00,2427.30,12/17/2025,120.00,304200.00,
11355a,8/19/2025,"Little Tree- Premiere Provisions Big Rapids","Premier Provsioning",3100.00,3100.00,8/22/2025,3.00,9300.00,
11356a,8/19/2025,"Little Tree- Pure Cannabis Outlet","Pure",40000.00,40000.00,8/20/2025,1.00,40000.00,
11363a,8/20/2025,"Little Tree- Arbor Kitchen LLC","ARBORS WELLNESS/HERBANA",4464.00,4464.00,9/4/2025,15.00,66960.00,
11364a,8/20/2025,"Little Tree- High Society New Buffalo","High Society",2500.00,2500.00,11/12/2025,84.00,210000.00,
11365a,8/20/2025,"Gelato- High Society Processing","High Society",5500.00,5500.00,11/12/2025,84.00,462000.00,YES
11378a,8/21/2025,"Little Tree- The Dude Abides- White Pigeon","The Dude Abides",1400.00,1400.00,8/25/2025,4.00,5600.00,
11379a,8/21/2025,"Little Tree- The Dude Abides Constantine","ap@midwestmgt.com",1400.00,1400.00,8/25/2025,4.00,5600.00,
11380a,8/21/2025,"Little Tree- MSC3","MSC3",1125.00,1125.00,9/22/2025,32.00,36000.00,
11381a,8/21/2025,"Gelato- Puff New Buffalo Green Mountain","Puff",2700.00,2700.00,9/12/2025,22.00,59400.00,YES
11382a,8/21/2025,"Little Tree- All Star Processing","JARS/ALLSTAR",39114.70,39114.70,,296.00,11577951.20,
11405a,8/22/2025,"Little Tree- Six 12 Ventures","Six 12 Ventures",1770.00,1770.00,8/26/2025,4.00,7080.00,
11406a,8/22/2025,"Little Tree- LJA Holdings VIII Levels","Levels",10025.00,10025.00,9/8/2025,17.00,170425.00,
11438a,8/26/2025,"Little Tree- Wayland Gas Station","Wayland",1550.00,1550.00,8/28/2025,2.00,3100.00,
11439a,8/26/2025,"Little Tree- Tree House Provision Center","The Tree House Provision Center/THE NEST",3700.00,3700.00,9/2/2025,7.00,25900.00,
11447a,8/27/2025,"Little Tree- Apothecare","APOTHECARE",2393.85,2393.85,11/6/2025,71.00,169963.35,
11454a,8/27/2025,"Little Tree- Exotics Ypsi","Exotics",4312.50,4312.50,9/2/2025,6.00,25875.00,
11461a,9/2/2025,"Little Tree- LaHaze Cheboygen","LaHaze",2230.00,2230.00,9/29/2025,27.00,60210.00,
11463a,9/2/2025,"Little Tree- First Class Lansing","First Class",3350.00,3350.00,9/11/2025,9.00,30150.00,
11478a,9/3/2025,"Gelato- KD Processing","KD Processing",6900.00,6900.00,10/7/2025,34.00,234600.00,YES
11484a,9/4/2025,"Gelato- Moses Roses","Moses Roses",2775.00,2775.00,12/18/2025,105.00,291375.00,YES
11485a,9/4/2025,"Little Tree- Flower of Life","Flower of Life",1100.00,1100.00,11/3/2025,60.00,66000.00,
11486a,9/4/2025,"Little Tree- Apothecare","APOTHECARE",8951.82,8951.82,11/17/2025,74.00,662434.68,
11487a,9/5/2025,"Little Tree- All Star Processing","JARS/ALLSTAR",9993.50,9693.50,11/7/2025,63.00,629590.50,
11495a,9/5/2025,"Little Tree- Puff Bay City","puff",950.00,950.00,9/16/2025,11.00,10450.00,
11511a,9/9/2025,"Little Tree- ProGro","ProGro",6125.00,6125.00,10/14/2025,35.00,214375.00,
11514a,9/9/2025,"Gelato- Simply Loud","Simply Loud",1125.00,1125.00,9/29/2025,20.00,22500.00,YES
11518a,9/9/2025,"Little Tree- All Star Processing","JARS/ALLSTAR",3476.22,3476.22,11/7/2025,59.00,205096.98,
11523a,9/9/2025,"Little Tree- All Star Processing","JARS/ALLSTAR",49472.00,49472.00,11/7/2025,59.00,2918848.00,
11570a,9/10/2025,"Little Tree- Cloud Cannabis Muskegon","Stash Ventures LLC",1200.00,1200.00,9/19/2025,9.00,10800.00,
11571a,9/10/2025,"Little Tree- Cloud Cannabis Utica","Stash Ventures LLC",850.00,850.00,9/19/2025,9.00,7650.00,
11572a,9/10/2025,"Little Tree- Cloud Cannabis Ann Arbor","Stash Ventures LLC",750.00,750.00,9/19/2025,9.00,6750.00,
11573a,9/10/2025,"Little Tree- Cloud Cannabis Detroit","Stash Ventures LLC",1451.50,1451.50,9/19/2025,9.00,13063.50,
11574a,9/10/2025,"Little Tree- Cloud Cannabis Kalamazoo","Stash Ventures LLC",1200.00,1200.00,9/19/2025,9.00,10800.00,
11575a,9/10/2025,"Little Tree- Timber NB","Stash Ventures LLC",1150.00,1150.00,9/19/2025,9.00,10350.00,
11576a,9/10/2025,"Little Tree- Vibe Ann Arbor","Vibe",2650.00,2650.00,12/4/2025,85.00,225250.00,
11577a,9/10/2025,"Little Tree- Burn","BURN",2250.00,2250.00,9/10/2025,0.00,0.00,
11578a,9/10/2025,"Little Tree- LJA Holdings VIII Levels","Levels",13000.00,13000.00,9/22/2025,12.00,156000.00,
11579a,9/10/2025,"Little Tree- Arbor Kitchen LLC","ARBORS WELLNESS/HERBANA",5975.00,5975.00,9/24/2025,14.00,83650.00,
11588a,9/11/2025,"Gelato- Puff Madison Heights","Puff",1275.00,1275.00,9/18/2025,7.00,8925.00,YES
11589a,9/11/2025,"Gelato- High Society Processing","High Society",3900.00,3900.00,4/6/2026,207.00,807300.00,YES
11609a,9/15/2025,"Little Tree- Jazz Cannabis Club 3 Lapeer","Jazz Cannabis Club",1350.00,1350.00,11/17/2025,63.00,85050.00,
11610a,9/15/2025,"Little Tree- Kush E Mart","Kush E Mart",12200.00,12200.00,11/10/2025,56.00,683200.00,
11611a,9/15/2025,"Little Tree- Firs Class Cannabis Camden","First Class",9875.00,9875.00,10/29/2025,44.00,434500.00,
11612a,9/17/2025,"Little Tree- Herbology Coldwater","HERBOLOGY",3037.50,3037.50,11/12/2025,56.00,170100.00,
11613a,9/17/2025,"Little Tree- Herbology Jefferson","HERBOLOGY",2562.50,2562.50,11/12/2025,56.00,143500.00,
11614a,9/17/2025,"Little Tree- AIM High Tekonsha","HERBOLOGY",1100.00,1100.00,11/12/2025,56.00,61600.00,
11615a,9/17/2025,"Little Tree- Herbology Cannabis Co West Branch","HERBOLOGY",3287.50,3287.50,11/12/2025,56.00,184100.00,
11616a,9/17/2025,"Little Tree- Herbology Romeo","HERBOLOGY",3287.50,3287.50,12/26/2025,100.00,328750.00,
11617a,9/17/2025,"Little Tree- 420 Dank Jackson","420 dank jackson",2550.00,2550.00,10/15/2025,28.00,71400.00,
11634a,9/18/2025,"Gelato- The Dudes Abides Coldwater","The Dudes Abides",1200.00,1200.00,9/22/2025,4.00,4800.00,YES
11635a,9/18/2025,"Little Tree- The Wellflower Dispo Whitmore","Dispo",2560.00,2560.00,11/24/2025,67.00,171520.00,
11637a,9/18/2025,"Little Tree- MSC3","MSC3",1410.00,1410.00,11/6/2025,49.00,69090.00,
11651a,9/19/2025,"Little Tree- Inspire Canna Burton","Inspire Canna",2275.00,2275.00,10/17/2025,28.00,63700.00,
11652a,9/19/2025,"Little Tree- Herbology New Buffalo","HERBOLOGY",3287.50,3287.50,10/21/2025,32.00,105200.00,
11655a,9/22/2025,"Little Tree- LJA Holdings VIII Levels","Levels",4827.00,4827.00,10/3/2025,11.00,53097.00,
11664a,9/23/2025,"Little Tree- URB Monroe","URB",3750.50,3750.50,11/3/2025,41.00,153770.50,
11665a,9/23/2025,"Gelato- URB New Buffalo","URB",1662.00,1662.00,11/3/2025,41.00,68142.00,YES
11666a,9/23/2025,"Little Tree- Canna Capital","Canna",3100.00,3100.00,11/10/2025,48.00,148800.00,
11667a,9/23/2025,"Little Tree- Arbor Kitchen LLC","ARBORS WELLNESS/HERBANA",5900.00,5900.00,10/10/2025,17.00,100300.00,
11668a,9/23/2025,"Little Tree- Lettuce","Lettuce",2557.50,2557.00,9/30/2025,7.00,17902.50,
11691a,9/25/2025,"Little Tree- LaHaze Cheboygen","LaHaze",3550.00,3550.00,10/1/2025,6.00,21300.00,
11692a,9/25/2025,"Little Tree- Sunset Coast Provisions","Sunset Coast Provisions",1850.00,1850.00,10/30/2025,35.00,64750.00,
11716a,10/8/2025,"Little Tree- Wayne ReLeaf","Wayne ReLeaf",1525.00,1525.00,10/10/2025,2.00,3050.00,
11717a,10/8/2025,"Little Tree- Green Tree Relief Coldwater","Green Tree Relief",2850.00,2850.00,11/5/2025,28.00,79800.00,
11718a,10/8/2025,"Little Tree- Puff Bay City","puff",1065.80,1065.80,10/15/2025,7.00,7460.60,
11719a,10/8/2025,"Little Tree- Dank Gardens LLC","Dank Gardens",2050.00,0.00,,248.00,508400.00,
11720a,10/8/2025,"Little Tree- LJA Holdings VIII Levels","Levels",5162.50,5161.50,10/22/2025,14.00,72275.00,
11721a,10/8/2025,"Little Tree- Twisted Bee","Twisted Bee",3450.00,3450.00,10/24/2025,16.00,55200.00,
11722a,10/8/2025,"Little Tree- Puff Monroe","puff",2550.00,2550.00,10/15/2025,7.00,17850.00,
11723a,10/8/2025,"Little Tree- Premiere Provisions Big Rapids","Premier Provsioning",2875.00,2875.00,10/14/2025,6.00,17250.00,
11724a,10/8/2025,"Little Tree- Pure Cannabis Outlet","Pure",21000.00,21000.00,10/14/2025,6.00,126000.00,
11745a,10/9/2025,"Little Tree- Light N Up Burton","Light N Up",2530.00,2530.00,3/25/2026,167.00,422510.00,
11746a,10/9/2025,"Little Tree- Light N Up Corunna","Light N Up",2530.00,2530.00,3/25/2026,167.00,422510.00,
11747a,10/9/2025,"Little Tree- Skozee Light N Up","Light N Up",2530.00,2530.00,,247.00,624910.00,
11748a,10/9/2025,"Little Tree- House of Zen","House of Zen",850.00,850.00,10/10/2025,1.00,850.00,
11749a,10/9/2025,"Little Tree- MSC3","MSC3",2100.00,2100.00,12/2/2025,54.00,113400.00,
11750a,10/9/2025,"Little Tree- All Star Processing","JARS/ALLSTAR",24465.10,24465.10,11/19/2025,41.00,1003069.10,
11776a,10/13/2025,"Gelato- Revolution Strains Centerline","",10150.00,10000.00,11/12/2025,30.00,304500.00,YES
11777a,10/13/2025,"Little Tree- All Star Processing","JARS/ALLSTAR",22087.01,22087.01,11/19/2025,37.00,817219.37,
11825a,10/16/2025,"Little Tree- Arbor Kitchen LLC","ARBORS WELLNESS/HERBANA",4400.00,4400.00,11/3/2025,18.00,79200.00,
11826a,10/16/2025,"Little Tree- Rush Cannabis Saline","Rush",1550.00,1550.00,11/7/2025,22.00,34100.00,
11827a,10/16/2025,"Little Tree- Bloomery Cannabis New Buffalo","BLOOMERY",3900.00,3900.00,11/18/2025,33.00,128700.00,
11828a,10/16/2025,"Little Tree- H&R Operations","H&R Operations",1300.00,1300.00,11/19/2025,34.00,44200.00,
11829a,10/16/2025,"Little Tree- Herbology Jefferson","HERBOLOGY",2375.00,2375.00,12/16/2025,61.00,144875.00,
11830a,10/16/2025,"Little Tree- High Club","High Club",2525.00,2525.00,12/17/2025,62.00,156550.00,
11831a,10/16/2025,"Little Tree- Only Alien Cannabis Kalamazoo","Only Alien Cannabis Kalamazoo",1850.00,1850.00,10/24/2025,8.00,14800.00,
11832a,10/16/2025,"Little Tree- Great Lakes Holistics Kalamazoo","Great Lakes Holistics",2800.00,2800.00,10/24/2025,8.00,22400.00,
11833a,10/16/2025,"Little Tree- Wayland Gas Station","Wayland",1650.00,1650.00,10/24/2025,8.00,13200.00,
11834a,10/16/2025,"Little Tree- The Refinery","The Outpost",1340.00,1340.00,11/10/2025,25.00,33500.00,
11835a,10/16/2025,"Little Tree- Hashish Boyz","Dispo",2630.00,2544.90,12/17/2025,62.00,163060.00,
11836a,10/16/2025,"Little Tree- The Wellflower Dispo Whitmore","Dispo",3200.00,3200.00,11/24/2025,39.00,124800.00,
11840a,10/20/2025,"Little Tree- Northern Specialty Health","Northern Specialty Health",1700.00,1700.00,10/27/2025,7.00,11900.00,
11841a,10/20/2025,"Little Tree- Great Lakes Holisitic BC","Great Lakes Holistics",2550.00,2550.00,10/24/2025,4.00,10200.00,
11842a,10/20/2025,"Little Tree- Happy Daze","Happy Daze",2900.00,2900.00,11/7/2025,18.00,52200.00,
11843a,10/20/2025,"Little Tree- SMOK Cannabis Dort HWY Flint","Smok",3575.00,3575.00,11/28/2025,39.00,139425.00,
11844a,10/20/2025,"Little Tree- Six 12 Ventures","Six 12 Ventures",2595.00,2595.00,10/24/2025,4.00,10380.00,
11847a,10/20/2025,"Little Tree- Timber Cannabis Co","Stash Ventures LLC",825.00,825.00,11/12/2025,23.00,18975.00,
11848a,10/20/2025,"Little Tree- Timber Cannabis Co Allegan","Stash Ventures LLC",1025.00,1025.00,11/13/2025,24.00,24600.00,
11849a,10/20/2025,"Little Tree- Timber Sturgis","Stash Ventures LLC",1500.00,1500.00,11/13/2025,24.00,36000.00,
11850a,10/20/2025,"Little Tree- Timber NB","Stash Ventures LLC",1775.00,1775.00,11/13/2025,24.00,42600.00,
11851a,10/20/2025,"Little Tree- Timber Cannabis Co. Utica","Stash Ventures LLC",1825.00,1825.00,11/13/2025,24.00,43800.00,
11852a,10/20/2025,"Little Tree- Timber Muskegon","Stash Ventures LLC",675.00,675.00,11/12/2025,23.00,15525.00,
11853a,10/21/2025,"Little Tree- Timber Cannabis Co. Fulton","Stash Ventures LLC",816.75,816.75,11/12/2025,22.00,17968.50,
11854a,10/21/2025,"Little Tree- Timber Cannabis Co. Gaylord","Stash Ventures LLC",598.25,598.25,11/12/2025,22.00,13161.50,
11867a,10/22/2025,"Gelato- The Exhibit","Exhibit Cannabis",1862.50,1862.50,1/14/2026,84.00,156450.00,YES
11868a,10/22/2025,"Little Tree- High Society Wellness Davison","High Society",1030.00,1030.00,11/21/2025,30.00,30900.00,
11869a,10/22/2025,"Little Tree- Vibe Inkster","Vibe",2520.00,2520.00,12/5/2025,44.00,110880.00,
11870a,10/22/2025,"Gelato- Vibe New Buffalo","Vibe",3510.00,3510.00,12/23/2025,62.00,217620.00,YES
11871a,10/22/2025,"Little Tree- The Exhibit Burton","Exhibit Cannabis",980.00,980.00,1/14/2026,84.00,82320.00,
11872a,10/22/2025,"Little Tree- 4K Processing","4K Processing",31983.20,31983.20,11/10/2025,19.00,607680.80,
11876a,10/22/2025,"Little Tree- Rize Iron Mountain","Rize",1450.00,1450.00,10/27/2025,5.00,7250.00,
11884a,10/22/2025,"Little Tree- Burn","BURN",2175.00,2175.00,10/27/2025,5.00,10875.00,
11885a,10/22/2025,"Little Tree- All Star Processing","JARS/ALLSTAR",4225.00,4225.00,11/19/2025,28.00,118300.00,
11889a,10/22/2025,"Little Tree- MSC3","MSC3",1615.00,1615.00,12/8/2025,47.00,75905.00,
11890a,10/22/2025,"Little Tree- Apothecare","APOTHECARE",10802.05,10802.05,12/10/2025,49.00,529300.45,
11891a,10/22/2025,"Little Tree- Exclusive Lapeer","EXCLUSIVE",840.00,840.00,11/12/2025,21.00,17640.00,
11906a,10/29/2025,"Little Tree- Pure Cannabis Outlet","Pure",24000.00,24000.00,11/6/2025,8.00,192000.00,
11907a,10/29/2025,"Little Tree- Jazz Cannabis Club Inkster","Jazz Cannabis Club",1140.00,1140.00,11/24/2025,26.00,29640.00,
11908a,10/29/2025,"Little Tree- Jazz Cannabis Club Inkster","Jazz Cannabis Club",1140.00,1140.00,12/2/2025,34.00,38760.00,
11909a,10/29/2025,"Little Tree- Sunset Coast Provisions","Sunset Coast Provisions",3400.00,3400.00,11/26/2025,28.00,95200.00,
11930a,11/3/2025,"Gelato- Puff Madison Heights","Puff",1750.00,1750.00,11/14/2025,11.00,19250.00,YES
11944a,11/5/2025,"Little Tree- Pure Cannabis Outlet","Pure",40000.00,40000.00,11/6/2025,1.00,40000.00,
11945a,11/5/2025,"Little Tree- Bloomery Cannabis Mt Clemens","BLOOMERY",2565.00,2565.00,2/19/2026,106.00,271890.00,
11946a,11/5/2025,"Little Tree- Mo Money Production","Mo Money",1370.00,1370.00,11/7/2025,2.00,2740.00,
11947a,11/5/2025,"Little Tree- Bloomfield Development Group Grow LLC Golden Shores","Farmhouse provisions",2950.00,2950.00,11/7/2025,2.00,5900.00,
11955a,11/6/2025,"Little Tree- Herbology Coldwater","HERBOLOGY",2500.00,2500.00,1/28/2026,83.00,207500.00,
11956a,11/6/2025,"Little Tree- Herbology New Buffalo","HERBOLOGY",1150.00,1150.00,12/2/2025,26.00,29900.00,
11957a,11/6/2025,"Little Tree- Herbology Romeo","HERBOLOGY",1150.00,0.00,,219.00,251850.00,
11958a,11/6/2025,"Little Tree- Arbor Kitchen LLC","ARBORS WELLNESS/HERBANA",5075.00,5075.00,11/21/2025,15.00,76125.00,
11959a,11/6/2025,"Little Tree- Puff Bay City","puff",1050.00,1050.00,11/14/2025,8.00,8400.00,
11960a,11/6/2025,"Little Tree- Rush Cannabis Hazel Park","Rush",2550.00,2550.00,11/13/2025,7.00,17850.00,
11962a,11/6/2025,"Little Tree- Rush Oxford","Rush",2525.00,2525.00,1/8/2026,63.00,159075.00,
11977a,11/7/2025,"Little Tree- Exclusive Lapeer","EXCLUSIVE",2659.40,0.00,,218.00,579749.20,
11979a,11/10/2025,"Gelato- Green Pharm Bay City","Green Pharm",2775.00,2775.00,12/12/2025,32.00,88800.00,YES
11980a,11/10/2025,"Little Tree- Green Pharm Camden","Green Pharm",2775.00,2775.00,12/12/2025,32.00,88800.00,
11981a,11/10/2025,"Little Tree- Pure Cannabis Outlet","Pure",30000.00,30000.00,11/20/2025,10.00,300000.00,
11997a,11/10/2025,"Little Tree- Apothecare","APOTHECARE",5486.83,5486.83,1/2/2026,53.00,290801.99,
11998a,11/10/2025,"Little Tree- LaHaze Cheboygen","Lahaze",2300.00,2300.00,11/14/2025,4.00,9200.00,
12021a,11/12/2025,"Little Tree- First Property Holdings Rize","Rize",3960.00,3960.00,11/19/2025,7.00,27720.00,
12022a,11/12/2025,"Little Tree- MBD Ventures","MBD",2600.00,2600.00,12/4/2025,22.00,57200.00,
12023a,11/12/2025,"Little Tree- Dispo Bay City North","Dispo",2412.50,2412.50,2/2/2026,82.00,197825.00,
12040a,11/14/2025,"Little Tree- All Star Processing","JARS/ALLSTAR",39194.76,39194.76,11/19/2025,5.00,195973.80,
12045a,11/14/2025,"Little Tree- All Star Processing","JARS/ALLSTAR",7950.98,7950.98,11/19/2025,5.00,39754.90,
12057a,11/17/2025,"Little Tree- Puff Bay City","Puff",650.00,650.00,11/26/2025,9.00,5850.00,
12062a,11/18/2025,"Little Tree- All Star Processing","JARS/ALLSTAR",26200.72,26200.72,12/23/2025,35.00,917025.20,
12064a,11/18/2025,"Gelato- Weisberger Ventures","Levels",31537.50,31537.50,12/10/2025,22.00,693825.00,YES
12065a,11/18/2025,"Gelato- KD Processing","KD Processing",6000.00,6000.00,12/22/2025,34.00,204000.00,YES
12070a,11/20/2025,"Little Tree- Blow New Buffalo","BLOW New Buffalo",2250.00,2250.00,1/9/2026,50.00,112500.00,
12071a,11/20/2025,"Little Tree- AIM High Tekonsha","HERBOLOGY",2575.00,2575.00,2/19/2026,91.00,234325.00,
12072a,11/20/2025,"Little Tree- The Wellflower Dispo Whitmore","Dispo",3375.00,3017.34,1/2/2026,43.00,145125.00,
12073a,11/20/2025,"Little Tree- Great Lakes Holisitic BC","Great Lakes Holistics",3200.00,3200.00,11/24/2025,4.00,12800.00,
12074a,11/20/2025,"Little Tree- Dispo Romeo","Dispo",5150.00,4972.45,,205.00,1055750.00,
12075a,11/20/2025,"Little Tree- Exotics Ypsi","Exotics",6500.00,6500.00,1/9/2026,50.00,325000.00,
12076a,11/20/2025,"Little Tree- ProGro","ProGro",7300.00,7300.00,1/6/2026,47.00,343100.00,
12083a,11/20/2025,"Little Tree- Wayne ReLeaf","Wayne ReLeaf",925.00,925.00,11/24/2025,4.00,3700.00,
12089a,11/20/2025,"Little Tree- Lettuce","Lettuce",2800.00,2800.00,11/26/2025,6.00,16800.00,
12090a,11/20/2025,"Little Tree- Great Lakes Holistics Kalamazoo","",2600.00,2600.00,11/25/2025,5.00,13000.00,
12091a,11/20/2025,"Little Tree- MSC3","MSC3",2520.00,2520.00,1/5/2026,46.00,115920.00,
12092a,11/20/2025,"Little Tree- The Dude Abides Sturgis","The Dudes Abides",4600.00,4600.00,12/2/2025,12.00,55200.00,
12093a,11/20/2025,"Little Tree- Tree House Provision Center","The Tree House Provision Center/THE NEST",2000.00,2000.00,12/2/2025,12.00,24000.00,
12094a,11/20/2025,"Little Tree- Cloud Cannabis Utica","Stash Ventures LLC",2000.00,2000.00,12/12/2025,22.00,44000.00,
12095a,11/20/2025,"Little Tree- Cloud Cannabis Ann Arbor","Stash Ventures LLC",1775.00,1775.00,12/12/2025,22.00,39050.00,
12096a,11/20/2025,"Little Tree- Cloud Cannabis Detroit","Stash Ventures LLC",1200.00,1200.00,12/12/2025,22.00,26400.00,
12097a,11/21/2025,"Little Tree- Cloud Cannabis Kalamazoo","Stash Ventures LLC",975.00,975.00,12/12/2025,21.00,20475.00,
12098a,11/21/2025,"Little Tree- Timber NB","Stash Ventures LLC",1925.00,1925.00,12/10/2025,19.00,36575.00,
12099a,11/21/2025,"Little Tree- Timber The Dudes Abide White Pigeon","Stash Ventures LLC",5750.00,5750.00,12/2/2025,11.00,63250.00,
12100a,11/21/2025,"Little Tree- Timber The Dudes Abide Coldwater","Stash Ventures LLC",4600.00,4600.00,12/2/2025,11.00,50600.00,
12101a,11/21/2025,"Little Tree- Timber The Dudes Abide Constantine","Stash Ventures LLC",5750.00,5750.00,12/2/2025,11.00,63250.00,
12102a,11/21/2025,"Little Tree- Flower of Life","Flower of Life",2560.00,2560.00,11/25/2025,4.00,10240.00,
12103a,11/21/2025,"Little Tree- Sault Ste Marie","Sault Ste",2662.50,2662.50,12/2/2025,11.00,29287.50,
12104a,11/21/2025,"Little Tree- Flower Pot Adrian","Flower Pot",2662.50,2662.50,12/2/2025,11.00,29287.50,
12105a,11/21/2025,"Little Tree- Flower Pot Arborside","Flower Pot",2662.50,2662.50,12/2/2025,11.00,29287.50,
12135a,11/24/2025,"Gelato- Refine New Buffalo","The Outpost",2550.00,2550.00,1/7/2026,44.00,112200.00,YES
12136a,11/25/2025,"Little Tree- Puff Bay City","Puff",1150.00,1150.00,12/10/2025,15.00,17250.00,
12147a,11/25/2025,"Little Tree- All Star Processing","JARS/ALLSTAR",40150.31,40150.31,12/23/2025,28.00,1124208.68,
12148a,11/25/2025,"Little Tree- All Star Processing","JARS/ALLSTAR",10069.40,10069.40,12/23/2025,28.00,281943.20,
12155a,12/1/2025,"Little Tree- Arbor Kitchen LLC","ARBORS WELLNESS/HERBANA",4700.00,4700.00,12/16/2025,15.00,70500.00,
12156a,12/1/2025,"Little Tree- Exclusive Lapeer","EXCLUSIVE",150.00,0.00,,194.00,29100.00,
12185a,12/2/2025,"Gelato- Moses Roses","Moses Roses",1075.00,1075.00,3/16/2026,104.00,111800.00,YES
12186a,12/2/2025,"Little Tree- Burn","BURN",2500.00,2500.00,12/5/2025,3.00,7500.00,
12196a,12/2/2025,"Little Tree- Jazz Cannabis Club Inkster","Jazz Club",9882.00,9882.00,1/16/2026,45.00,444690.00,
12199a,12/2/2025,"Little Tree- LaHaze Cheboygen","Lahaze",1900.00,1900.00,12/8/2025,6.00,11400.00,
12208a,12/8/2025,"Little Tree- Canna Capital","Canna",6623.00,6623.00,12/24/2025,16.00,105968.00,
12209a,12/8/2025,"Little Tree- LJA Holdings VIII Levels","Levels",5950.00,5950.00,12/15/2025,7.00,41650.00,
12214a,12/8/2025,"Little Tree- Wayland Gas Station","Wayland",2550.00,2550.00,2/18/2026,72.00,183600.00,
12224a,12/9/2025,"Little Tree- Great Lakes Holisitic BC","Great Lakes Holistics",3000.00,3000.00,12/11/2025,2.00,6000.00,
12235a,12/10/2025,"Little Tree- First Rize Property Holdins Rize","Rize",4875.00,4875.00,12/18/2025,8.00,39000.00,
12236a,12/10/2025,"Gelato- Puff Madison Heights","Puff",2524.00,2524.00,12/23/2025,13.00,32812.00,YES
12237a,12/10/2025,"Little Tree- Bloomery Cannabis New Buffalo","BLOOMERY",1575.00,1425.00,2/17/2026,69.00,108675.00,
12238a,12/10/2025,"Little Tree- SMOK Cannabis Dort HWY Flint","Smok",2800.00,2800.00,1/16/2026,37.00,103600.00,
12239a,12/10/2025,"Little Tree- Arbor Kitchen LLC","ARBORS WELLNESS/HERBANA",5075.00,5075.00,12/24/2025,14.00,71050.00,
12240a,12/10/2025,"Little Tree- Rize Iron Mountain","Rize",1715.00,1715.00,12/18/2025,8.00,13720.00,
12241a,12/10/2025,"Gelato- The Nest","The Nest",1853.46,1853.40,12/12/2025,2.00,3706.92,YES
12242a,12/10/2025,"Little Tree- Pure Cannabis Outlet","Pure",168000.00,168000.00,1/29/2026,50.00,8400000.00,
12243a,12/10/2025,"Little Tree- Planted Whitemore","Planted",1267.50,1267.50,12/19/2025,9.00,11407.50,
12246a,12/11/2025,"Little Tree- Green Tree Relief Coldwater","Green Tree Relief",2850.00,2850.00,1/22/2026,42.00,119700.00,
12250a,12/11/2025,"Little Tree- Skozee Light N Up","Light N Up",2530.00,2530.00,3/19/2026,98.00,247940.00,
12260a,12/12/2025,"Little Tree- Timber Sturgis","Stash Ventures LLC",1125.00,1125.00,1/6/2026,25.00,28125.00,
12261a,12/12/2025,"Little Tree- Timber Cannabis Co 3 Rivers","Stash Ventures LLC",975.00,975.00,1/6/2026,25.00,24375.00,
12262a,12/12/2025,"Little Tree- Cloud Cannabis Gaylord","Stash Ventures LLC",750.00,750.00,1/6/2026,25.00,18750.00,
12263a,12/12/2025,"Little Tree- Cloud Cannabis 28th St","Stash Ventures LLC",975.00,975.00,1/6/2026,25.00,24375.00,
12264a,12/12/2025,"Little Tree- Cloud Cannabis Fulton","Stash Ventures LLC",650.00,650.00,1/6/2026,25.00,16250.00,
12265a,12/12/2025,"Little Tree- Cloud Cannabis Muskegon","Stash Ventures LLC",1350.00,1350.00,1/6/2026,25.00,33750.00,
12266a,12/12/2025,"Little Tree- Cloud Cannabis Gaylord","Stash Ventures LLC",975.00,975.00,1/6/2026,25.00,24375.00,
12267a,12/12/2025,"Little Tree- Cloud Cannabis Utica","Stash Ventures LLC",950.00,950.00,1/6/2026,25.00,23750.00,
12268a,12/12/2025,"Little Tree- Cloud Cannabis Ann Arbor","Stash Ventures LLC",700.00,700.00,1/6/2026,25.00,17500.00,
12269a,12/12/2025,"Little Tree- Cloud Cannabis Cedar Springs","Stash Ventures LLC",975.00,975.00,1/6/2026,25.00,24375.00,
12270a,12/12/2025,"Little Tree- Cloud Cannabis Detroit","Stash Ventures LLC",700.00,700.00,1/6/2026,25.00,17500.00,
12271a,12/12/2025,"Little Tree- Timber Holly","Stash Ventures LLC",187.75,187.75,1/6/2026,25.00,4693.75,
12272a,12/12/2025,"Little Tree- The Refinery","The Outpost",7253.53,7253.53,1/2/2026,21.00,152324.13,
12273a,12/12/2025,"Little Tree- The Refinery New Buffalo","The Outpost",7259.79,7259.79,1/22/2026,41.00,297651.39,
12274a,12/12/2025,"Little Tree- All Star Processing","JARS/ALLSTAR",8401.23,8401.23,2/12/2026,62.00,520876.26,
12296a,12/16/2025,"Little Tree- Plushco","Plushco",3478.75,3478.75,12/18/2025,2.00,6957.50,
12297a,12/16/2025,"Little Tree- Premiere Provisions Big Rapids","Premier Provsioning",2500.00,2500.00,12/18/2025,2.00,5000.00,
12298a,12/16/2025,"Little Tree- Puff Bay City","Puff",780.00,780.00,1/12/2026,27.00,21060.00,
12299a,12/16/2025,"Little Tree- The Outpost Crystal Falls","The Outpost",3375.00,3375.00,12/22/2025,6.00,20250.00,
12307a,12/17/2025,"Little Tree- Cannaisseur","Cannaisseur",1150.00,1150.00,1/9/2026,23.00,26450.00,
12311a,12/18/2025,"Little Tree- High Society Wellness Davison","High Society",2200.00,2200.00,1/20/2026,33.00,72600.00,
12312a,12/18/2025,"Little Tree- Puff TC","Puff",2600.00,2600.00,12/29/2025,11.00,28600.00,
12382a,12/29/2025,"Little Tree- Pure Cannabis Outlet","Pure",40240.00,40240.00,2/25/2026,58.00,2333920.00,
12383a,12/29/2025,"Little Tree- Pure Cannabis Outlet","Pure",202920.00,202920.00,5/1/2026,123.00,24959160.00,
12384a,12/29/2025,"Little Tree- Arbor Kitchen LLC","ARBORS WELLNESS/HERBANA",9575.00,9575.00,1/6/2026,8.00,76600.00,
12385a,12/29/2025,"Little Tree- LJA Holdings VIII Levels","Levels",9742.47,9734.22,1/20/2026,22.00,214334.34,
12386a,12/29/2025,"Gelato- Green Pharm Menominee","Green Pharm",8700.00,8700.00,2/17/2026,50.00,435000.00,YES
12387a,12/29/2025,"Little Tree- Green Pharm Iron Mountain River","Green Pharm",4600.00,4600.00,2/17/2026,50.00,230000.00,
12389a,12/29/2025,"Little Tree- Pure Cannabis Outlet","Pure",6005.00,0.00,,166.00,996830.00,
12398a,12/29/2025,"Little Tree- Green Pharm TC","Green Pharm",3800.00,3800.00,1/30/2026,32.00,121600.00,
12399a,12/29/2025,"Little Tree- Green Pharm Hazel Park","Green Pharm",3500.00,3500.00,1/27/2026,29.00,101500.00,
12400a,12/29/2025,"Little Tree- Green Pharm Mancelona","Green Pharm",2550.00,2550.00,2/17/2026,50.00,127500.00,
12401a,12/29/2025,"Little Tree- Green Pharm Kalkaska","Green Pharm",2550.00,2550.00,1/30/2026,32.00,81600.00,
12407a,12/29/2025,"Little Tree- First Class Ann Arbor","First Class",3625.00,3625.00,2/24/2026,57.00,206625.00,
12417a,12/29/2025,"Little Tree- Lettuce","Lettuce",3850.00,3850.00,1/5/2026,7.00,26950.00,
12418a,12/29/2025,"Little Tree- Happy Daze","Happy Daze",2950.00,2950.00,3/18/2026,79.00,233050.00,
12419a,12/29/2025,"Little Tree- LaHaze Cheboygen","Lahaze",1800.00,1800.00,1/2/2026,4.00,7200.00,
12428a,12/30/2025,"Little Tree- High Society New Buffalo","High Society",11150.00,0.00,,165.00,1839750.00,
12429a,12/30/2025,"Little Tree- High Society Big Rapids","High Society",4150.00,0.00,,165.00,684750.00,
12430a,12/30/2025,"Little Tree- High Society Birch Run","High Society",5900.00,0.00,,165.00,973500.00,
12431a,12/30/2025,"Little Tree- High Society Mt. Pleasant","High Society",3400.00,0.00,,165.00,561000.00,
12432a,12/30/2025,"Little Tree- High Society Lennox","High Society",5150.00,0.00,,165.00,849750.00,
12433a,12/30/2025,"Little Tree- High Society 6","High Society",8900.00,0.00,,165.00,1468500.00,
12434a,12/30/2025,"Little Tree- Green Trend","High Society",5900.00,0.00,,165.00,973500.00,
12435a,12/30/2025,"Little Tree- High Society E Lansing","High Society",6650.00,0.00,,165.00,1097250.00,
12445a,12/30/2025,"Little Tree- Timber Holly","Stash Ventures LLC",1800.00,1800.00,1/22/2026,23.00,41400.00,
12446a,12/30/2025,"Little Tree- Timber Mt Pleasant","Stash Ventures LLC",975.00,975.00,1/22/2026,23.00,22425.00,
12447a,12/30/2025,"Little Tree- Timber Big Rapids","Stash Ventures LLC",1250.00,1250.00,1/22/2026,23.00,28750.00,
12448a,12/30/2025,"Little Tree- Timber Cannabis Co 3 Rivers","Stash Ventures LLC",1250.00,1250.00,1/22/2026,23.00,28750.00,
12449a,12/30/2025,"Little Tree- Timber Sturgis","Stash Ventures LLC",1525.00,1525.00,2/3/2026,35.00,53375.00,
12450a,12/30/2025,"Little Tree- Timber Cannabis Co Allegan","Stash Ventures LLC",1800.00,1800.00,2/3/2026,35.00,63000.00,
12451a,12/30/2025,"Little Tree- Timber Cannabis Co","Stash Ventures LLC",1525.00,1525.00,2/5/2026,37.00,56425.00,
12452a,12/30/2025,"Little Tree- Timber NB","Stash Ventures LLC",3025.00,3025.00,2/5/2026,37.00,111925.00,
12453a,12/30/2025,"Little Tree- Cloud Cannabis 28th St","Stash Ventures LLC",2350.00,2350.00,2/5/2026,37.00,86950.00,
12454a,12/30/2025,"Little Tree- Cloud Cannabis Company Fulto","Stash Ventures LLC",3025.00,3025.00,2/5/2026,37.00,111925.00,
12455a,12/30/2025,"Little Tree- Cloud Cannabis Muskegon","Stash Ventures LLC",2750.00,2750.00,2/5/2026,37.00,101750.00,
12456a,12/30/2025,"Little Tree- Cloud Cannabis Cedar Springs","Stash Ventures LLC",1800.00,1800.00,2/5/2026,37.00,66600.00,
12457a,12/30/2025,"Little Tree- Cloud Cannabis Kalamazoo","Stash Ventures LLC",3025.00,3025.00,2/3/2026,35.00,105875.00,
12458a,12/30/2025,"Little Tree- Cloud Cannabis Utica","Stash Ventures LLC",3300.00,3300.00,2/3/2026,35.00,115500.00,
12459a,12/30/2025,"Little Tree- Cloud Cannabis Company NB","Stash Ventures LLC",1800.00,1800.00,2/3/2026,35.00,63000.00,
12460a,12/30/2025,"Little Tree- Cloud Cannabis Ann Arbor","Stash Ventures LLC",2750.00,2750.00,2/3/2026,35.00,96250.00,
12461a,12/30/2025,"Little Tree- Cloud Cannabis Detroit","Stash Ventures LLC",2075.00,2075.00,2/5/2026,37.00,76775.00,
12462a,12/30/2025,"Little Tree- Cloud Cannabis Gaylord","Stash Ventures LLC",3025.00,3025.00,2/5/2026,37.00,111925.00,
12463a,12/30/2025,"Little Tree- Cloud TC","Stash Ventures LLC",675.00,0.00,,165.00,111375.00,
12464a,12/30/2025,"Little Tree- Wojo Bay City","Wojo Bay City",2537.50,2537.50,1/16/2026,17.00,43137.50,
12465a,12/30/2025,"Little Tree- Puff Bay City","Puff",3240.00,3240.00,2/17/2026,49.00,158760.00,
12466a,12/30/2025,"Little Tree- The Flower Bowl","The Flower Bowl",2440.00,2440.00,2/23/2026,55.00,134200.00,
12471a,12/30/2025,"Little Tree- Mood","Mood",3025.00,3025.00,3/2/2026,62.00,187550.00,
12472a,12/30/2025,"Little Tree- Rush Cannabis Saline","Rush",2900.00,2885.00,1/27/2026,28.00,81200.00,
12473a,12/30/2025,"Little Tree- MSC3","MSC3",2150.00,2150.00,2/27/2026,59.00,126850.00,
12474a,12/30/2025,"Gelato- Cannavibes Emporium","Cannavibes Emporium",4275.00,4275.00,2/25/2026,57.00,243675.00,YES
12475a,12/30/2025,"Little Tree- Only Alien Cannabis Kalamazoo","Only Alien Cannabis Kalamazo",2575.00,2575.00,1/5/2026,6.00,15450.00,
12476a,12/31/2025,"Little Tree- Vibe Consulting","Vibe",3625.00,3625.00,2/24/2026,55.00,199375.00,
12477a,12/31/2025,"Gelato- Vibe New Buffalo","Vibe",1875.00,1875.00,2/24/2026,55.00,103125.00,YES
12478a,12/31/2025,"Little Tree- Kush E Mart","Kush E Mart",7525.00,7525.00,5/7/2026,127.00,955675.00,
12479a,12/31/2025,"Little Tree- First Class Camden","First Class",7525.00,7525.00,3/20/2026,79.00,594475.00,
12480a,12/31/2025,"Little Tree- High Club","High Club",2500.00,2500.00,2/25/2026,56.00,140000.00,
12481a,12/31/2025,"Little Tree- MBD Ventures","MBD",1680.00,1680.00,2/3/2026,34.00,57120.00,
12482a,12/31/2025,"Little Tree- Pure Cannabis Outlet","Pure",49080.00,0.00,,164.00,8049120.00,
12510a,1/6/2026,"Little Tree- Rize Iron Mountain","Rize",3815.00,3815.00,1/21/2026,15.00,57225.00,
12513a,1/7/2026,"Little Tree- House of Zen","House of Zen",1762.00,1762.00,4/8/2026,91.00,160342.00,
12514a,1/7/2026,"Gelato- Green Pharm Bay City","Green Pharm",3193.00,3193.00,2/13/2026,37.00,118141.00,YES
12515a,1/7/2026,"Little Tree- Six 12 Ventures","Six 12 Ventures",2775.00,2775.00,1/9/2026,2.00,5550.00,
12516a,1/7/2026,"Little Tree- Exotics Ypsi","Exotics",5264.00,5264.00,1/9/2026,2.00,10528.00,
12521a,1/8/2026,"Little Tree- All Star Processing","JARS/ALLSTAR",38208.34,38208.34,2/12/2026,35.00,1337291.90,
12522a,1/8/2026,"Little Tree- All Star Processing","JARS/ALLSTAR",59600.00,59600.00,2/12/2026,35.00,2086000.00,
12524a,1/8/2026,"Gelato- Moses Roses","Moses Roses",1984.00,1984.00,2/12/2026,35.00,69440.00,YES
12525a,1/8/2026,"Gelato- Moses Roses","Moses Roses",1984.00,0.00,,156.00,309504.00,YES
12531a,1/8/2026,"Little Tree- Gramazon","GRAMAZON/WILDFIRE",70000.00,70000.00,3/27/2026,78.00,5460000.00,
12532a,1/12/2026,"Little Tree- All Star Processing","JARS/ALLSTAR",14353.15,14353.15,2/12/2026,31.00,444947.65,
12533a,1/12/2026,"Little Tree- All Star Processing","JARS/ALLSTAR",27992.00,27992.00,2/12/2026,31.00,867752.00,
12546a,1/14/2026,"Little Tree- Blow New Buffalo","BLOW New Buffalo",1590.00,1590.00,2/24/2026,41.00,65190.00,
12550a,1/16/2026,"Little Tree- Dreams Canna","Dreams Canna Southfield",3146.50,3146.50,2/18/2026,33.00,103834.50,
12552a,1/16/2026,"Little Tree- Timber Cannabis Co","Stash Ventures LLC",312.50,312.50,2/17/2026,32.00,10000.00,
12553a,1/16/2026,"Little Tree- Timber Cannabis Co Allegan","Stash Ventures LLC",704.07,704.07,2/23/2026,38.00,26754.66,
12554a,1/16/2026,"Little Tree- Timber Sturgis","Stash Ventures LLC",667.60,667.60,2/17/2026,32.00,21363.20,
12555a,1/16/2026,"Little Tree- Timber Cannabis Co 3 Rivers","Stash Ventures LLC",460.47,460.47,2/11/2026,26.00,11972.22,
12556a,1/16/2026,"Little Tree- Timber Big Rapids","Stash Ventures LLC",542.81,542.81,2/23/2026,38.00,20626.78,
12557a,1/16/2026,"Little Tree- Timber Mt Pleasant","Stash Ventures LLC",455.50,455.50,2/11/2026,26.00,11843.00,
12558a,1/16/2026,"Little Tree- Cloud Cannabis 28th St","Stash Ventures LLC",312.50,312.50,2/23/2026,38.00,11875.00,
12559a,1/16/2026,"Little Tree- Cloud Cannabis Muskegon","Stash Ventures LLC",312.50,312.50,2/24/2026,39.00,12187.50,
12560a,1/16/2026,"Little Tree- Cloud Cannabis New Baltimore","Stash Ventures LLC",448.40,448.40,2/11/2026,26.00,11658.40,
12561a,1/16/2026,"Little Tree- Cloud Cannabis Cedar Springs","Stash Ventures LLC",312.50,312.50,2/25/2026,40.00,12500.00,
12562a,1/16/2026,"Little Tree- Cloud Cannabis Detroit","Stash Ventures LLC",1327.77,1327.77,2/23/2026,38.00,50455.26,
12563a,1/16/2026,"Little Tree- Cloud Cannabis Kalamazoo","Stash Ventures LLC",1011.90,1011.90,2/17/2026,32.00,32380.80,
12564a,1/16/2026,"Little Tree- Timber NB","Stash Ventures LLC",1272.82,1272.82,2/17/2026,32.00,40730.24,
12565a,1/16/2026,"Little Tree- Timber Holly","Stash Ventures LLC",310.00,310.00,2/12/2026,27.00,8370.00,
12568a,1/19/2026,"Little Tree- Skozee Light N Up","Light N Up",3726.20,3726.20,4/14/2026,85.00,316727.00,
12569a,1/19/2026,"Little Tree- High Society Wellness Davison","High Society",3199.20,3199.20,2/20/2026,32.00,102374.40,
12575a,1/21/2026,"Little Tree- Tree House Provision Center","The Tree House Provision Center/THE NEST",2356.00,2356.00,1/26/2026,5.00,11780.00,
12576a,1/21/2026,"Little Tree- First Property Holdings Rize","Rize",6776.60,6776.60,2/3/2026,13.00,88095.80,
12577a,1/21/2026,"Little Tree- Cloud Cannabis Gaylord","Stash Ventures LLC",312.50,312.50,2/24/2026,34.00,10625.00,
12578a,1/21/2026,"Little Tree- Cloud Cannabis Gaylord","Stash Ventures LLC",1323.17,1323.17,2/24/2026,34.00,44987.78,
12579a,1/21/2026,"Little Tree- Cloud Cannabis Fulton","Fulton",312.50,312.50,2/24/2026,34.00,10625.00,
12580a,1/21/2026,"Little Tree- Cloud Cannabis Fulton","Fulton",1059.65,1059.65,2/24/2026,34.00,36028.10,
12581a,1/21/2026,"Little Tree- Cloud TC","TC",312.50,312.50,2/24/2026,34.00,10625.00,
12582a,1/21/2026,"Little Tree- Cloud TC","TC",742.12,742.12,2/24/2026,34.00,25232.08,
12583a,1/21/2026,"Little Tree- Cloud Cannabis Utica","Utica",312.50,312.50,2/24/2026,34.00,10625.00,
12584a,1/21/2026,"Little Tree- Cloud Cannabis Utica","Utica",2078.77,2078.77,2/24/2026,34.00,70678.18,
12585a,1/21/2026,"Little Tree- Cloud Cannabis Ann Arbor","Utica",312.50,312.50,2/24/2026,34.00,10625.00,
12586a,1/21/2026,"Little Tree- Cloud Cannabis Ann Arbor","Utica",1179.75,1179.75,2/24/2026,34.00,40111.50,
12590a,1/21/2026,"Little Tree- Timber Cannabis Co","Stash Ventures LLC",489.40,489.40,2/17/2026,27.00,13213.80,
12591a,1/21/2026,"Little Tree- Timber Cannabis Co Allegan","Stash Ventures LLC",312.50,312.50,2/23/2026,33.00,10312.50,
12592a,1/21/2026,"Little Tree- Timber Sturgis","Stash Ventures LLC",312.50,312.50,2/12/2026,22.00,6875.00,
12594a,1/21/2026,"Little Tree- Cloud Cannabis Muskegon","Muskegon",353.77,353.77,2/24/2026,34.00,12028.18,
12595a,1/21/2026,"Little Tree- Cloud Cannabis Detroit","Detroit",312.50,312.50,2/23/2026,33.00,10312.50,
12596a,1/21/2026,"Little Tree- Cloud Cannabis Cedar Springs","Cedar Springs",839.65,839.65,2/25/2026,35.00,29387.75,
12597a,1/21/2026,"Little Tree- Cloud Cannabis Kalamazoo","Levels",312.50,312.50,2/17/2026,27.00,8437.50,
12598a,1/21/2026,"Little Tree- Timber NB","Stash Ventures LLC",312.50,312.50,2/12/2026,22.00,6875.00,
12599a,1/21/2026,"Little Tree- Timber Holly","Stash Ventures LLC",312.50,312.50,2/12/2026,22.00,6875.00,
12600a,1/21/2026,"Little Tree- LE Battle Creek","Battle creek",1689.50,1689.50,1/23/2026,2.00,3379.00,
12602a,1/26/2026,"Little Tree- Level Niles","Niles",11408.00,11408.00,2/18/2026,23.00,262384.00,
12603a,1/26/2026,"Little Tree- Levels Sturgis","Levels",2573.00,2573.00,2/18/2026,23.00,59179.00,
12604a,1/26/2026,"Little Tree- Levels Kalamazoo","Levels",1085.00,1085.00,2/18/2026,23.00,24955.00,
12606a,1/26/2026,"Little Tree- Levels Waterford","Levels",3286.00,3286.00,2/18/2026,23.00,75578.00,
12607a,1/26/2026,"Little Tree- Levels Grand Haven","Levels",2201.00,2201.00,2/18/2026,23.00,50623.00,
12608a,1/26/2026,"Little Tree- Levels New Buffalo","Levels",5270.00,5270.00,2/18/2026,23.00,121210.00,
12609a,1/26/2026,"Little Tree- Levels New Ironwood","Levels",7502.00,7502.00,2/18/2026,23.00,172546.00,
12610a,1/26/2026,"Little Tree- Arborside","NORTH COAST",3301.50,3301.50,1/28/2026,2.00,6603.00,
12611a,1/26/2026,"Little Tree- Flower Pot Adrian","Flower Pot",3301.50,3301.50,1/28/2026,2.00,6603.00,
12612a,1/26/2026,"Little Tree- Sault Ste Marie","Sault Ste",3301.50,3301.50,1/28/2026,2.00,6603.00,
12619a,1/27/2026,"Little Tree- All Star Processing","JARS/ALLSTAR",5605.25,5605.25,4/15/2026,78.00,437209.50,
12620a,1/27/2026,"Little Tree- Bloomfield Development Group Grow LLC Golden Shores","Bloomfield",2852.00,2852.00,2/20/2026,24.00,68448.00,
12624a,1/28/2026,"Little Tree- Homegrown Cannabis Co Lansing","Homegrown",3472.00,3472.00,1/30/2026,2.00,6944.00,
12625a,1/28/2026,"Little Tree- Light N Up Burton","Light N Up",3385.20,3385.20,4/15/2026,77.00,260660.40,
12629a,1/28/2026,"Little Tree- Rize MNM","Rize",5245.20,5245.20,2/3/2026,6.00,31471.20,
12634a,1/29/2026,"Little Tree- Northern Specialty Health","Northern Specialty Health",1984.00,1984.00,2/9/2026,11.00,21824.00,
12645a,2/3/2026,"Gelato- Altitude Cannabis Bay City","Altitude",1984.00,1984.00,2/26/2026,23.00,45632.00,YES
12646a,2/3/2026,"Little Tree- Planted Whitemore","Planted",2077.00,2077.00,2/20/2026,17.00,35309.00,
12651a,2/5/2026,"Gelato- Puff Madison Heights","Puff",2678.40,2678.40,2/20/2026,15.00,40176.00,YES
12652a,2/5/2026,"Little Tree- Premiere Provisions Big Rapids","Premier Provsioning",3100.00,3100.00,,128.00,396800.00,
12653a,2/5/2026,"Gelato- Puff New Buffalo Green Mountain","Puff",4464.00,4464.00,3/10/2026,33.00,147312.00,YES
12654a,2/5/2026,"Little Tree- Puff Bay City","Puff",1339.20,1339.20,3/16/2026,39.00,52228.80,
12655a,2/5/2026,"Little Tree- ProGro","ProGro",3060.00,3060.00,3/23/2026,46.00,140760.00,
12670a,2/5/2026,"Little Tree- Great Lakes Holisitc BC","Great Lakes Holistics",5952.00,5952.00,2/9/2026,4.00,23808.00,
12686a,2/9/2026,"Little Tree- Rize Iron Mountain","Rize",3317.00,3317.00,2/20/2026,11.00,36487.00,
12687a,2/9/2026,"Little Tree- Dank Headquarters","Dank",3800.00,0.00,,124.00,471200.00,
12688a,2/9/2026,"Little Tree- LaHaze Cheboygen","LaHaze",1178.00,1178.00,2/11/2026,2.00,2356.00,
12694a,2/10/2026,"Little Tree- MBD Ventures","MBD",3124.80,3124.80,2/24/2026,14.00,43747.20,
12724a,2/13/2026,"Little Tree- Kinship","Kinship",1240.00,1240.00,2/17/2026,4.00,4960.00,
12725a,2/13/2026,"Little Tree- Cannabay","Cannabay",3038.00,3038.00,4/10/2026,56.00,170128.00,
12726a,2/13/2026,"Little Tree- Timber Grand Rapids","Stash Ventures LLC",3410.00,3410.00,3/12/2026,27.00,92070.00,
12737a,2/13/2026,"Little Tree- Levels Waterford","Levels",93.00,93.00,3/23/2026,38.00,3534.00,
12738a,2/13/2026,"Little Tree- Levels Kalamazoo","Levels",899.00,899.00,3/23/2026,38.00,34162.00,
12739a,2/13/2026,"Little Tree- Levels Ironwood","Levels",186.00,186.00,3/23/2026,38.00,7068.00,
12740a,2/13/2026,"Little Tree- Levels Grand Haven","Levels",418.50,418.50,3/23/2026,38.00,15903.00,
12741a,2/13/2026,"Little Tree- Levels Adrian","Levels",2501.70,2501.70,3/23/2026,38.00,95064.60,
12742a,2/13/2026,"Gelato- MCB Distributors","MCB",5485.90,5485.90,4/16/2026,62.00,340125.80,YES
12744a,2/13/2026,"Little Tree- All Star Processing","JARS/ALLSTAR",23231.45,23231.45,3/24/2026,39.00,906026.55,
12745a,2/13/2026,"Little Tree- All Star Processing","JARS/ALLSTAR",18464.00,18464.00,3/24/2026,39.00,720096.00,
12746a,2/13/2026,"Little Tree- Hayat CC","Dispo",1420.00,0.00,,120.00,170400.00,
12747a,2/13/2026,"Little Tree- Dispo Romeo","Dispo",720.00,0.00,,120.00,86400.00,
12748a,2/13/2026,"Little Tree- Dispo Bay City North","Dispo",360.00,0.00,,120.00,43200.00,
12749a,2/13/2026,"Little Tree- Fire Creek Battle Creek","Dispo",720.00,0.00,,120.00,86400.00,
12750a,2/13/2026,"Little Tree- The Wellflower Dispo Whitmore","Dispo",2520.00,2520.00,3/25/2026,40.00,100800.00,
12751a,2/13/2026,"Little Tree- 420 Dank Jackson","420 dank jackson",3100.00,3100.00,4/28/2026,74.00,229400.00,
12763a,2/17/2026,"Little Tree- High Society Wellness Davison","High Society",3162.00,3162.00,3/18/2026,29.00,91698.00,
12767a,2/17/2026,"Little Tree- Wayland Gas Station","Wayland",1829.00,1829.00,2/20/2026,3.00,5487.00,
12768a,2/17/2026,"Little Tree- Arbor Kitchen LLC","ARBORS WELLNESS/HERBANA",6875.00,6875.00,3/4/2026,15.00,103125.00,
12769a,2/17/2026,"Gelato- The Dudes Abides Coldwater","The Dudes Abides",10912.00,10912.00,2/20/2026,3.00,32736.00,YES
12770a,2/17/2026,"Little Tree- LE Battle Creek","Battle creek",1825.90,1825.90,2/19/2026,2.00,3651.80,
12802a,2/23/2026,"Little Tree- First Property Holdings Rize","Rize",6206.20,6206.20,3/6/2026,11.00,68268.20,
12803a,2/23/2026,"Little Tree- Cannaisseur","Cannaisseur",1116.00,1116.00,3/26/2026,31.00,34596.00,
12804a,2/23/2026,"Little Tree- Bloomery Cannabis New Buffalo","BLOOMERY",3180.60,3180.60,6/8/2026,105.00,333963.00,
12805a,2/23/2026,"Little Tree- Burn","BURN",3379.00,3379.00,2/25/2026,2.00,6758.00,
12806a,2/23/2026,"Little Tree- 4K Processing","4K Processing",16014.40,16014.40,3/4/2026,9.00,144129.60,
12810a,2/23/2026,"Little Tree- Flower of Life","Flower of Life",3100.00,500.00,,110.00,341000.00,
12811a,2/23/2026,"Little Tree- Homegrown Cannabis Co Lansing","Homegrown",2861.23,2861.23,2/26/2026,3.00,8583.69,
12812a,2/23/2026,"Little Tree- Green Tree Relief Coldwater","Green Tree Relief",3534.00,3534.00,3/26/2026,31.00,109554.00,
12818a,2/25/2026,"Little Tree- Herbology New Buffalo","HERBOLOGY",2170.00,0.00,,108.00,234360.00,
12828a,2/26/2026,"Little Tree- Flower Pot Adrian","Flower Pot",1674.00,1674.00,5/7/2026,70.00,117180.00,
12829a,2/26/2026,"Gelato- Vibe","Vibe",4061.00,4061.00,4/7/2026,40.00,162440.00,YES
12830a,2/26/2026,"Little Tree- Blow New Buffalo","BLOW New Buffalo",3124.80,3124.80,4/9/2026,42.00,131241.60,
12831a,2/26/2026,"Little Tree- Herbology Coldwater","HERBOLOGY",5053.00,5053.00,5/28/2026,91.00,459823.00,
12832a,2/26/2026,"Little Tree- Herbology Jefferson","HERBOLOGY",3587.00,0.00,,107.00,383809.00,
12839a,2/26/2026,"Little Tree- All Star Processing","JARS/ALLSTAR",2179.20,2179.20,4/15/2026,48.00,104601.60,
12845a,2/26/2026,"Little Tree- Cloud Cannabis 28th St","Stash Ventures LLC",542.81,0.00,,107.00,58080.67,
12847a,3/2/2026,"Little Tree- Exclusive Distribution","EXCLUSIVE",12850.00,12850.00,4/15/2026,44.00,565400.00,
12853a,3/3/2026,"Little Tree- Levels Ironwood","Levels",1822.80,1822.80,3/31/2026,28.00,51038.40,
12860a,3/4/2026,"Little Tree- Flower Pot Saulte Ste Marie","Flower Pot",1674.00,1674.00,5/7/2026,64.00,107136.00,
12861a,3/4/2026,"Little Tree- Flower Pot Arborside","Flower Pot",1674.00,0.00,,101.00,169074.00,
12862a,3/4/2026,"Little Tree- Lettuce Processing","",4253.50,4253.50,3/11/2026,7.00,29774.50,
12863a,3/4/2026,"Gelato- High Level Health Bay City","High Level Health",1302.00,0.00,,101.00,131502.00,YES
12864a,3/4/2026,"Little Tree- Levels Grand Haven","Levels",3186.80,3186.80,3/31/2026,27.00,86043.60,
12865a,3/4/2026,"Little Tree- Levels Kalamazoo","Levels",1571.70,1571.70,3/31/2026,27.00,42435.90,
12866a,3/4/2026,"Little Tree- Level Niles","Niles",6305.40,6305.40,3/31/2026,27.00,170245.80,
12867a,3/4/2026,"Little Tree- Puff Bay City","Puff",3348.00,3348.00,3/26/2026,22.00,73656.00,
12868a,3/4/2026,"Little Tree- Levels Waterford","Levels",2759.00,3103.86,4/1/2026,28.00,77252.00,
12869a,3/4/2026,"Little Tree- Levels Sturgis","Levels",2489.30,2489.30,3/31/2026,27.00,67211.10,
12872a,3/4/2026,"Little Tree- Dreams Canna","Dreams Canna Southfield",3208.50,0.00,,101.00,324058.50,
12874a,3/6/2026,"Little Tree- Level Niles","Levels",1351.60,0.00,,99.00,133808.40,
12884a,3/6/2026,"Little Tree- AIM High Teknosha","HERBOLOGY",5192.50,0.00,,99.00,514057.50,
12887a,3/6/2026,"Little Treee- Great Lakes Holistic BC","Great Lakes Holistics",12920.80,12920.80,3/11/2026,5.00,64604.00,
12894a,3/12/2026,"Little Tree- Premiere Provisions Grand Rapids","Premier Provsioning",3100.00,3100.00,3/16/2026,4.00,12400.00,
12895a,3/12/2026,"Little Tree- Sozo","Exotics",2500.00,2500.00,6/1/2026,81.00,202500.00,
12896a,3/12/2026,"Little Tree- Exotics Ypsi","Exotics",5257.60,5257.60,3/20/2026,8.00,42060.80,
12897a,3/12/2026,"Little Tree- Only Alien Cananbis Kalamazoo","Only Alien Cannabis Kalamazoo",3720.00,720.00,3/20/2026,8.00,29760.00,
12898a,3/12/2026,"Gelato- The Exhibit","Exhibit Cannabis",4216.00,0.00,,93.00,392088.00,YES
12899a,3/12/2026,"Little Tree- The Exhibit Burton","Exhibit Cannabis",3100.00,0.00,,93.00,288300.00,
12900a,3/12/2026,"Gelato- The Exhibit","Exhibit Cannabis",3100.00,0.00,,93.00,288300.00,YES
12904a,3/12/2026,"Little Tree- Tree House Provision Center","The Tree House Provision Center/THE NEST",1984.00,1984.00,3/16/2026,4.00,7936.00,
12905a,3/12/2026,"Little Tree- LE Battle Creek","Battle creek",3131.00,3131.00,3/16/2026,4.00,12524.00,
12914a,3/12/2026,"Little Tree- LaHaze Cheboygen","LaHaze",1178.00,1178.00,3/20/2026,8.00,9424.00,
12915a,3/12/2026,"Little Tree- URB Monroe","URB",4216.00,4216.00,4/28/2026,47.00,198152.00,
12916a,3/12/2026,"Gelato- URB New Buffalo","URB",4216.00,4216.00,4/28/2026,47.00,198152.00,YES
12920a,3/16/2026,"Little Tree- Rize MNM","Rize",6200.00,6200.00,3/24/2026,8.00,49600.00,
12925a,3/17/2026,"Gelato- High Level Health Bay City","High Level Health",465.00,0.00,,88.00,40920.00,YES
12932a,3/18/2026,"Little Tree- Northern Specialty Health","Northern Specialty Health",2108.00,2108.00,3/24/2026,6.00,12648.00,
12933a,3/18/2026,"Little Tree- Rize Iron Mountain","Rize",5573.80,5573.80,3/24/2026,6.00,33442.80,
12955a,3/23/2026,"Little Tree- Green Pharm Camden","Green Pharm",2719.36,2719.36,5/7/2026,45.00,122371.20,
12956a,3/23/2026,"Little Tree- First Property Holdings Rize","Rize",6255.80,6255.80,3/31/2026,8.00,50046.40,
12957a,3/23/2026,"Little Tree- Apothecare","APOTHECARE",25498.60,5000.00,,82.00,2090885.20,
12959a,3/24/2026,"Little Tree- Happy Daze","Happy Daze",8370.00,1984.00,5/12/2026,49.00,410130.00,
12960a,3/24/2026,"Little Tree- Fire Creek Battle Creek","Dispo",1080.06,0.00,,81.00,87484.86,
12961a,3/24/2026,"Little Tree- The Wellflower Dispo Whitmore","Dispo",3030.00,0.00,,81.00,245430.00,
12962a,3/24/2026,"Little Tree- Dispo Bay City North","Dispo",1110.00,0.00,,81.00,89910.00,
12963a,3/24/2026,"Little Tree- Hayat CC","Dispo",750.00,0.00,,81.00,60750.00,
12964a,3/24/2026,"Little Tee- Dispo Romeo","Dispo",650.00,0.00,,81.00,52650.00,
12965a,3/24/2026,"Little Tree- First Class Lansing","First Class",3193.00,3193.00,4/1/2026,8.00,25544.00,
12966a,3/24/2026,"Little Tree- The Foundry Cannabis Co","The Foundry Cannabis",5350.00,5350.00,4/30/2026,37.00,197950.00,
12967a,3/24/2026,"Gelato- KD Processing","KD Processing",3800.00,3800.00,4/30/2026,37.00,140600.00,YES
12968a,3/24/2026,"Little Tree- GNO Enterprises","Pure",54000.00,54000.00,4/30/2026,37.00,1998000.00,
12982a,3/26/2026,"Little Tree- Cloud Cannabis Kalamazoo","Stash Ventures LLC",2697.00,2697.00,4/27/2026,32.00,86304.00,
12983a,3/26/2026,"Little Tree- Cloud TC","Stash Ventures LLC",2170.00,2170.00,4/27/2026,32.00,69440.00,
12984a,3/26/2026,"Little Tree- Cloud Cannabis Ann Arbor","Stash Ventures LLC",1891.00,1891.00,4/27/2026,32.00,60512.00,
12985a,3/26/2026,"Little Tree- Cloud Cannabis New Baltimore","Stash Ventures LLC",2356.00,2356.00,4/27/2026,32.00,75392.00,
12986a,3/26/2026,"Little Tree- Cloud Cannabis Muskegon","Stash Ventures LLC",2666.00,2666.00,4/27/2026,32.00,85312.00,
12987a,3/26/2026,"Little Tree- Timber Cannabis Co 3 Rivers","Stash Ventures LLC",1364.00,1364.00,4/27/2026,32.00,43648.00,
12988a,3/26/2026,"Little Tree- Timber Big Rapids","Stash Ventures LLC",2077.00,2077.00,4/27/2026,32.00,66464.00,
12989a,3/26/2026,"Little Tree- Timber Cannabis Co","Stash Ventures LLC",2046.00,2046.00,4/27/2026,32.00,65472.00,
12990a,3/26/2026,"Little Tree- Skozee Light N Up","Light N Up",5555.20,4434.31,,79.00,438860.80,
12991a,3/26/2026,"Little Tree- SMOK Cannabis Dort HWY Flint","Smok Dort HWY Flint",6156.60,6156.60,6/10/2026,76.00,467901.60,
12992a,3/26/2026,"Little Tree- ProGro","Pro Gro",6100.00,6100.00,5/13/2026,48.00,292800.00,
12993a,3/26/2026,"Little Tree- Wayne ReLeaf","Wayne ReLeaf",2294.00,2074.00,3/30/2026,4.00,9176.00,
12994a,3/26/2026,"Little Tree- Wayne ReLeaf","Wayne ReLeaf",1147.00,1147.00,3/30/2026,4.00,4588.00,
12995a,3/26/2026,"Little Tree- Cannaisseur","Cannaisseur",2542.00,0.00,,79.00,200818.00,
12996a,3/26/2026,"Little Tree- MBD Ventures","MBD",3124.80,3124.80,4/10/2026,15.00,46872.00,
12997a,3/26/2026,"Little Tree- Arbor Kitchen LLC","ARBORS WELLNESS/HERBANA",5450.00,5450.00,4/9/2026,14.00,76300.00,
12998a,3/26/2026,"Little Tree- Puff Bay City","Puff",3152.70,3152.70,4/28/2026,33.00,104039.10,
12999a,3/26/2026,"Little Tree- Premiere Provisions Big Rapids","Premier Provsioning",3106.20,3106.20,3/30/2026,4.00,12424.80,
13009a,3/27/2026,"Little Tree- Timber Cannabis Co Allegan","Stash Ventures LLC",1891.00,0.00,,78.00,147498.00,
13010a,3/27/2026,"Little Tree- Timber Sturgis","Stash Ventures LLC",1519.00,0.00,,78.00,118482.00,
13011a,3/27/2026,"Gelato- Puff Madison Heights","Puff",3227.10,3227.10,5/18/2026,52.00,167809.20,YES
13012a,3/27/2026,"Little Tree- High Society Wellness Davison","High Society",6249.60,6249.60,4/27/2026,31.00,193737.60,
13015a,3/30/2026,"Little Tree- H&R Operations","H&R Operations",821.50,819.00,5/6/2026,37.00,30395.50,
13023a,3/31/2026,"Little Tree- Cloud Cannabis Cedar Springs","Stash Ventures LLC",2728.00,0.00,,74.00,201872.00,
13024a,3/31/2026,"Little Tree- Timber NB","Stash Ventures LLC",2542.00,0.00,,74.00,188108.00,
13025a,3/31/2026,"Little Tree- Timber Holly","Stash Ventures LLC",3038.00,0.00,,74.00,224812.00,
13026a,3/31/2026,"Little Tree- Cloud Cannabis Detroit","Stash Ventures LLC",3720.00,0.00,,74.00,275280.00,
13027a,3/31/2026,"Little Tree- Cloud Cannabis Gaylord","Stash Ventures LLC",2945.00,0.00,,74.00,217930.00,
13028a,3/31/2026,"Little Tree- Cloud Cannabis Utica","Stash Ventures LLC",3999.00,0.00,,74.00,295926.00,
13029a,3/31/2026,"Little Tree- Cloud Cannabis 28th St","Stash Ventures LLC",3255.00,0.00,,74.00,240870.00,
13030a,3/31/2026,"Little Tree- Cloud Cannabis Fulton","Stash Ventures LLC",3565.00,0.00,,74.00,263810.00,
13031a,3/31/2026,"Little Tree- Cloud Cannabis Fulton","Stash Ventures LLC",3565.00,0.00,,74.00,263810.00,
13040a,4/1/2026,"Little Tree- 4K Processing","4K Processing",15920.00,15920.00,4/9/2026,8.00,127360.00,
13042a,4/1/2026,"Little Tree- Great Lakes Cannabis Management Group","Great Lakes Holistics",4820.50,4820.50,5/21/2026,50.00,241025.00,
13045a,4/2/2026,"Gelato- MCB Distributors","Rush",3300.00,3300.00,5/29/2026,57.00,188100.00,YES
13046a,4/2/2026,"Little Tree- Cannabay","Cannabay",1426.00,0.00,,72.00,102672.00,
13047a,4/2/2026,"Little Tree- Dreams Canna","Dreams Canna Southfield",3713.80,3713.80,4/10/2026,8.00,29710.40,
13048a,4/2/2026,"Little Tree- Great Lakes Holistics Lansing","Great Lakes Holistics",3382.10,3382.10,4/10/2026,8.00,27056.80,
13049a,4/2/2026,"Little Tree- First Class Ann Arbor","First Class",3472.00,3472.00,5/6/2026,34.00,118048.00,
13050a,4/2/2026,"Little Tree- Light N Up Corunna","Light N Up",3723.10,1361.80,,72.00,268063.20,
13051a,4/2/2026,"Little Tree- Yuma Way","Yuma Way",5220.40,5220.40,4/22/2026,20.00,104408.00,
13052a,4/2/2026,"Little Tree- Burn","BURN",2752.80,2752.80,4/6/2026,4.00,11011.20,
13060a,4/6/2026,"Little Tree- Great Lakes Holisitc BC","Great Lakes Holistics",5924.10,5924.10,4/10/2026,4.00,23696.40,
13061a,4/6/2026,"Little Tree- Great Lakes Holistics Kalamazoo","Great Lakes Holistics",5769.10,5769.10,4/10/2026,4.00,23076.40,
13062a,4/6/2026,"Gelato- Emerald Fire Provisioning","Emerald Fire",1720.50,1720.50,4/30/2026,24.00,41292.00,YES
13063a,4/6/2026,"Little Tree- Supergood NB","Supergood NB",3549.50,3549.50,4/21/2026,15.00,53242.50,
13064a,4/6/2026,"Little Tree- Levels Waterford","Levels",3868.80,3868.80,4/28/2026,22.00,85113.60,
13065a,4/6/2026,"Little Tree- Level Niles","Niles",9411.60,9411.60,4/28/2026,22.00,207055.20,
13066a,4/6/2026,"Little Tree- Levels New Buffalo","Levels",2783.80,0.00,,68.00,189298.40,
13078a,4/7/2026,"Little Tree- Levels Ironwood","Levels",5139.80,5139.80,5/18/2026,41.00,210731.80,
13079a,4/7/2026,"Little Tree- Levels Sturgis","Levels",2328.10,2328.10,4/28/2026,21.00,48890.10,
13080a,4/7/2026,"Little Tree- Levels Kalamazoo","Levels",1639.90,0.00,,67.00,109873.30,
13081a,4/7/2026,"Little Tree- Levels Grand Haven","Levels",6243.40,0.00,,67.00,418307.80,
13106a,4/8/2026,"Little Tree- LaHaze Processor","LaHaze",962.50,962.50,4/10/2026,2.00,1925.00,
13107a,4/8/2026,"Gelato- Green Pharm Bay City","Green Pharm",4746.10,0.00,,66.00,313242.60,YES
13108a,4/8/2026,"Little Tree- Jazz Cannabis Club Inkster","Jazz Cannabis Club",7688.00,0.00,,66.00,507408.00,
13109a,4/8/2026,"Little Tree- Jazz Cannabis Club Inkster","Jazz Club",4588.00,0.00,,66.00,302808.00,
13110a,4/8/2026,"Little Tree- Dacut Detroit","Pure",28639.00,28639.00,5/28/2026,50.00,1431950.00,
13119a,4/9/2026,"Little Tree- Objectiv","Objectiv",9628.00,9628.00,4/15/2026,6.00,57768.00,
13121a,4/9/2026,"Little Tree- First Class Camden","First Class",12976.60,12400.03,6/9/2026,61.00,791572.60,
13122a,4/9/2026,"Gelato- Uniq Cannabis MI Greenlife","",50160.39,50160.39,5/21/2026,42.00,2106736.38,YES
13130a,4/10/2026,"Gelato- Puff New Buffalo Green Mountain","Puff",3961.80,0.00,,64.00,253555.20,YES
13131a,4/10/2026,"Gelato- Spark Cannabis","Spark Cannabis",3193.00,3193.00,4/15/2026,5.00,15965.00,YES
13132a,4/10/2026,"Little Tree- Black Market Cannabis Company","HERBOLOGY",1750.00,1750.00,4/27/2026,17.00,29750.00,
13137a,4/13/2026,"Little Tree- High Society Wellness Davison","High Society",1649.20,1649.20,5/14/2026,31.00,51125.20,
13138a,4/13/2026,"Little Tree- House of Zen","House of Zen",1178.00,0.00,,61.00,71858.00,
13139a,4/13/2026,"Little Tree- The Outpost Marquette","The Outpost",4092.00,4092.00,4/16/2026,3.00,12276.00,
13140a,4/13/2026,"Little Tree- Burn Warren","BURN",4206.72,4206.72,4/15/2026,2.00,8413.44,
13141a,4/13/2026,"Little Tree- Blow New Buffalo","Vibe",3124.80,0.00,,61.00,190612.80,
13153a,4/13/2026,"Little Tree- Bloomery Cannabis New Buffalo","BLOOMERY",3648.70,3648.70,6/8/2026,56.00,204327.20,
13154a,4/13/2026,"Little Tree- MCB Distribuotrs","Rush",1675.00,0.00,,61.00,102175.00,
13172a,4/14/2026,"Little Tree- All Star Processing","JARS/ALLSTAR",54652.00,54652.00,5/8/2026,24.00,1311648.00,
13194a,4/15/2026,"Little Tree- Only Alien Cannabis Kalamazoo","Only Alien Cannabis Kalamazoo",3521.60,0.00,,59.00,207774.40,
13195a,4/15/2026,"Little Tree- Happy Daze","Happy Daze",32488.00,0.00,,59.00,1916792.00,
13196a,4/15/2026,"Little Tree- The Dude Abides- White Pigeon","The Dude Abides",6510.00,6510.00,5/11/2026,26.00,169260.00,
13197a,4/15/2026,"Little Tree- Vibe The Ultimate Experience","Vibe",3720.00,3720.00,5/20/2026,35.00,130200.00,
13198a,4/15/2026,"Gelato- Vibe New Buffalo","Vibe",3124.80,0.00,,59.00,184363.20,YES
13199a,4/15/2026,"Little Tree- Rize MNM","Rize",6014.00,6014.00,4/27/2026,12.00,72168.00,
13230a,4/17/2026,"Little Tree- LE Battle Creek","LE Battle Creek",2294.00,2294.00,4/21/2026,4.00,9176.00,
13240a,4/21/2026,"Little Tree- Light N Up Burton","Light N Up",3723.10,1498.24,,53.00,197324.30,
13248a,4/23/2026,"Little Tree- LE Battle Creek","Dispo",2591.60,0.00,,51.00,132171.60,
13251a,4/24/2026,"Little Tree- Premiere Provisions Big Rapids","Premier Provsioning",3100.00,3100.00,4/28/2026,4.00,12400.00,
13252a,4/24/2026,"Little Tree- Arbor Kitchen LLC","ARBORS WELLNESS/HERBANA",8060.00,8060.00,5/11/2026,17.00,137020.00,
13277a,4/28/2026,"Little Tree- First Property Holdings Rize","Rize",6137.20,6137.20,5/14/2026,16.00,98195.20,
13278a,4/28/2026,"Little Tree- Levels Grand Haven","Levels",434.00,434.00,5/18/2026,20.00,8680.00,
13279a,4/28/2026,"Little Tree- Levels Ironwood","Levels",1302.00,1302.00,5/18/2026,20.00,26040.00,
13280a,4/28/2026,"Little Tree- Levels New Buffalo","Levels",2325.00,2325.00,5/18/2026,20.00,46500.00,
13281a,4/28/2026,"Little Tree- Level Niles","Niles",3552.60,3552.60,5/18/2026,20.00,71052.00,
13282a,4/28/2026,"Little Tree- Levels Sturgis","Levels",1243.10,1243.10,5/18/2026,20.00,24862.00,
13283a,4/28/2026,"Little Tree- Levels Waterford","Levels",1581.00,1581.00,5/18/2026,20.00,31620.00,
13284a,4/28/2026,"Little Tree- Levels Kalamazoo","Levels",2179.30,2179.30,5/18/2026,20.00,43586.00,
13290a,4/28/2026,"Little Tree- First Class Lansing","First Class",1395.00,1395.00,5/5/2026,7.00,9765.00,
13303a,4/29/2026,"Little Tree- Green Tree Relief Coldwater","Green Tree Relief",3534.00,3534.00,5/29/2026,30.00,106020.00,
13307a,4/29/2026,"Little Tree- All Star Processing","JARS/ALLSTAR",14828.00,14828.00,5/8/2026,9.00,133452.00,
13308a,4/29/2026,"Little Tree- All Star Processing","JARS/ALLSTAR",7856.80,7856.80,5/8/2026,9.00,70711.20,
13309a,5/1/2026,"Little Tree- Puff Bay City","",1525.20,1525.20,5/26/2026,25.00,38130.00,
13310a,5/1/2026,"Gelato- Puff Madison Heights","Puff",3124.80,3124.80,5/18/2026,17.00,53121.60,YES
13318a,5/1/2026,"Gelato- Homegrown Cannabis Owosso Sandds","",4185.00,0.00,,43.00,179955.00,YES
13319a,5/1/2026,"Little Tree- Timber Grand Rapids","Stash Ventures LLC",1541.27,0.00,,43.00,66274.61,
13320a,5/1/2026,"Little Tree- Timber Holly","Stash Ventures LLC",1869.99,0.00,,43.00,80409.57,
13321a,5/1/2026,"Little Tree- Timber NB","Stash Ventures LLC",2206.55,0.00,,43.00,94881.65,
13322a,5/1/2026,"Little Tree- Cloud Cannabis Kalamazoo","Stash Ventures LLC",1814.16,0.00,,43.00,78008.88,
13323a,5/1/2026,"Little Tree- Cloud Cannabis Detroit","Stash Ventures LLC",2855.93,0.00,,43.00,122804.99,
13324a,5/1/2026,"Little Tree- Cloud Cannabis Cedar Springs","Stash Ventures LLC",1987.74,0.00,,43.00,85472.82,
13325a,5/1/2026,"Little Tree- Cloud Cannabis Ann Arbor","Stash Ventures LLC",2385.22,0.00,,43.00,102564.46,
13326a,5/1/2026,"Little Tree- Cloud Cannabis Utica","Stash Ventures LLC",1880.03,0.00,,43.00,80841.29,
13327a,5/1/2026,"Little Tree- Cloud TC","Stash Ventures LLC",1311.73,0.00,,43.00,56404.39,
13328a,5/1/2026,"Little Tree- Cloud Cannabis Muskegon","Stash Ventures LLC",1539.82,0.00,,43.00,66212.26,
13329a,5/1/2026,"Little Tree- Cloud Cannabis Fulton","Stash Ventures LLC",2106.44,0.00,,43.00,90576.92,
13330a,5/1/2026,"Little Tree- Cloud Cannabis 28th St","Stash Ventures LLC",2354.90,0.00,,43.00,101260.70,
13331a,5/1/2026,"Little Tree- Cloud Cannabis Gaylord","Stash Ventures LLC",2055.85,0.00,,43.00,88401.55,
13332a,5/1/2026,"Little Tree- Cloud Allegan","Stash Ventures LLC",1011.19,0.00,,43.00,43481.17,
13340a,5/5/2026,"Little Tree- Rize Iron Mountain","Rize",4646.90,0.00,,39.00,181229.10,
13341a,5/5/2026,"Little Tree- GLH Lansing","",3292.20,3292.20,5/8/2026,3.00,9876.60,
13342a,5/5/2026,"Little Tree- Great Lakes Holistics Lansing","Great Lakes Holistic",4222.20,3150.00,5/8/2026,3.00,12666.60,
13357a,5/7/2026,"Little Tree- The Dude Abides Sturgis","",3112.40,3112.40,5/11/2026,4.00,12449.60,
13358a,5/7/2026,"Little Tree- Wayland Gas Station","Wayland",3456.50,3456.50,5/11/2026,4.00,13826.00,
13360a,5/7/2026,"Little Tree- All Star Processing","JARS/ALLSTAR",18638.96,0.00,,37.00,689641.52,
13361a,5/7/2026,"Little Tree- All Star Processing","JARS/ALLSTAR",12940.00,0.00,,37.00,478780.00,
13362a,5/7/2026,"Little Tree- Skozee Light N Up","Light N Up",3118.60,0.00,,37.00,115388.20,
13366a,5/12/2026,"Gelato- OL Processing","",26412.50,0.00,,32.00,845200.00,YES
13367a,5/12/2026,"Little Tree- Exotics Ypsi","Exotics",4129.20,4129.20,5/13/2026,1.00,4129.20,
13368a,5/12/2026,"Little Tree- Rize MNM","Rize",9083.00,9083.00,5/18/2026,6.00,54498.00,
13369a,5/12/2026,"Little Tree- LaHaze Processor","LaHaze",1075.00,0.00,,32.00,34400.00,
13370a,5/12/2026,"Little Tree- MBD Ventures","Vibe",3124.80,0.00,,32.00,99993.60,
13376a,5/13/2026,"Little Tree- Medfarms 100 Shafer Processing","",2220.00,0.00,,31.00,68820.00,
13377a,5/13/2026,"Little Tree- Medfarms 100 Shafer Processing","",360.00,0.00,,31.00,11160.00,
13378a,5/13/2026,"Little Tree- Medfarms 100 Shafer Processing","",1800.00,0.00,,31.00,55800.00,
13383a,5/14/2026,"Little Tree- Burn","BURN",4984.18,4984.18,5/19/2026,5.00,24920.90,
13384a,5/14/2026,"Little Tree- High Society Wellness Davison","High Society",4786.40,0.00,,30.00,143592.00,
13386a,5/14/2026,"Little Tree- ProGro","ProGro",10000.00,0.00,,30.00,300000.00,
13387a,5/14/2026,"Little Tree- Level Niles","Niles",3633.22,3633.22,6/1/2026,18.00,65397.96,
13409a,5/20/2026,"Little Tree- Kulture 81","",1813.50,0.00,,24.00,43524.00,
13410a,5/20/2026,"Gelato- Star Budz","",4247.00,0.00,,24.00,101928.00,YES
13411a,5/20/2026,"Gelato- Star Budz","",4247.00,0.00,,24.00,101928.00,YES
13412a,5/20/2026,"Little Tree- Pure Monroe","",3.08,0.00,,24.00,73.92,
13415a,5/20/2026,"Little Tree- Arborside","NORTH COAST",3196.10,0.00,,24.00,76706.40,
13416a,5/20/2026,"Little Tree- Sault Ste Marie","Sault Ste",3180.60,0.00,,24.00,76334.40,
13417a,5/20/2026,"Little Tree- Flower Pot Adrian","Flower Pot",3217.80,0.00,,24.00,77227.20,
13418a,5/20/2026,"Little Tree- Jazz Cannabis Club 3 Lapeer","",3090.70,0.00,,24.00,74176.80,
13419a,5/20/2026,"Little Tree- 420 Dank Jackson","420 dank jackson",3720.00,0.00,,24.00,89280.00,
13420a,5/20/2026,"Little Tree- Great Lakes Holisitic BC","Great Lakes Holistics",3137.20,0.00,,24.00,75292.80,
13421a,5/20/2026,"Little Tree- Wojo Bay City","Wojo Bay City",3660.60,0.00,,24.00,87854.40,
13422a,5/20/2026,"Little Tree- Arbor Kitchen LLC","",4960.00,4960.00,6/3/2026,14.00,69440.00,
13423a,5/20/2026,"Little Tree- 4K Processing","4K Processing",24000.00,24000.00,6/8/2026,19.00,456000.00,
13428a,5/20/2026,"Little Tree- All Star Processing","",36909.07,0.00,,24.00,885817.68,
13443a,5/20/2026,"Little Tree- Premiere Provisions Big Rapids","Premier Provsioning",3100.00,3100.00,6/1/2026,12.00,37200.00,
13444a,5/28/2026,"Gelato- Altitude Cannabis Bay City","Altitude",2730.20,0.00,,16.00,43683.20,YES
13445a,5/28/2026,"Little Tree- Meds Cafe Gaylord","",5524.20,0.00,,16.00,88387.20,
13446a,5/28/2026,"Little Tree- Meds Cafe Rogers City","",4240.80,0.00,,16.00,67852.80,
13447a,5/28/2026,"Little Tree- Six 12 Ventures","Six 12 Ventures",5059.20,0.00,,16.00,80947.20,
13448a,5/28/2026,"Little Tree- Meds Cafe Lowell","",5524.20,0.00,,16.00,88387.20,
13449a,5/28/2026,"Little Tree- Meds Cafe Manistee","",4240.80,0.00,,16.00,67852.80,
13450a,5/28/2026,"Little Tree- Joyology Battle Creek","JOYOLOGY",1534.50,1534.50,6/4/2026,7.00,10741.50,
13487a,6/2/2026,"Little Tree- All Star Processing","JARS/ALLSTAR",15118.95,15118.95,6/9/2026,7.00,105832.65,
13492a,6/2/2026,"Gelato- High Society Processing","High Society",51200.00,0.00,,11.00,563200.00,YES
13482a,6/4/2026,"Little Tree- Trapperz Alley New Buffalo","",1630.60,0.00,,9.00,14675.40,
13483a,6/4/2026,"Little Tree- Oasis Wellness Center of Bay City","",1708.10,0.00,,9.00,15372.90,
13484a,6/4/2026,"Little Tree- Blow New Buffalo","",3124.80,0.00,,9.00,28123.20,
13485a,6/4/2026,"Little Tree- Sozo","Exotics",4800.00,0.00,,9.00,43200.00,
13486a,6/4/2026,"Little Tree- 4K Processing","4K Processing",17445.00,0.00,,9.00,157005.00,